Scope,Name,Start,End,Length,Mean_pLDDT,Pct_pLDDT_ge70,Pct_pLDDT_lt50,Max_pLDDT,pTM,iPTM,Fraction_Disordered,Ranking_Score,Has_Clash,Intra_PAE,Inter_PAE,CrossModel_RMSD_Mean,CrossModel_RMSD_Min,CrossModel_RMSD_Max,CrossModel_RMSD_Pairs,Longest_Confident_Run,Longest_Confident_Run_Len,Docking_Readiness,Docking_Ready_Regions,Notes
WHOLE_MODEL,Vax_Final_6f34b53e length=566,1,566,566,35.75,8.13,84.63,94.15,,,,,,29.52,,,,,,1-46,46,,,max PAE 31.7 A
MODEL,model_0,,,,,,,,0.16,,0.77,0.55,0.0,,,,,,,,,,,
MODEL,model_1,,,,,,,,0.17,,0.75,0.54,0.0,,,,,,,,,,,
MODEL,model_2,,,,,,,,0.16,,0.65,0.49,0.0,,,,,,,,,,,
MODEL,model_3,,,,,,,,0.16,,0.61,0.47,0.0,,,,,,,,,,,
MODEL,model_4,,,,,,,,0.16,,0.49,0.4,0.0,,,,,,,,,,,
REGION,Adjuvant_bDefensin3,1,45,45,91.33,100.0,,,,,,,,2.41,,0.13,0.11,0.16,10,,,,,
REGION,Linker_EAAAK,46,50,5,53.27,20.0,,,,,,,,3.55,,1.74,0.08,2.72,10,,,,,
REGION,Cassette_MHC_I,51,204,154,33.41,0.0,,,,,,,,22.12,,23.08,2.19,41.86,10,,,,,
REGION,Cassette_MHC_II,205,404,200,21.37,0.0,,,,,,,,29.03,,23.93,3.88,38.48,10,,,,,
REGION,Cassette_Bcell,405,566,162,39.73,0.0,,,,,,,,26.36,,18.5,11.05,26.64,10,,,,,
REGION_PAIR,Adjuvant_bDefensin3 <-> Linker_EAAAK,,,,,,,,,,,,,,13.62,,,,,,,,,
REGION_PAIR,Adjuvant_bDefensin3 <-> Cassette_MHC_I,,,,,,,,,,,,,,28.87,,,,,,,,,
REGION_PAIR,Adjuvant_bDefensin3 <-> Cassette_MHC_II,,,,,,,,,,,,,,31.27,,,,,,,,,
REGION_PAIR,Adjuvant_bDefensin3 <-> Cassette_Bcell,,,,,,,,,,,,,,30.68,,,,,,,,,
REGION_PAIR,Linker_EAAAK <-> Cassette_MHC_I,,,,,,,,,,,,,,27.04,,,,,,,,,
REGION_PAIR,Linker_EAAAK <-> Cassette_MHC_II,,,,,,,,,,,,,,31.42,,,,,,,,,
REGION_PAIR,Linker_EAAAK <-> Cassette_Bcell,,,,,,,,,,,,,,31.13,,,,,,,,,
REGION_PAIR,Cassette_MHC_I <-> Cassette_MHC_II,,,,,,,,,,,,,,31.18,,,,,,,,,
REGION_PAIR,Cassette_MHC_I <-> Cassette_Bcell,,,,,,,,,,,,,,31.17,,,,,,,,,
REGION_PAIR,Cassette_MHC_II <-> Cassette_Bcell,,,,,,,,,,,,,,31.28,,,,,,,,,
VERDICT,Docking_Readiness,,,,,,,,,,,,,,,,,,,,,DOMAIN_ONLY,1-45,"Adjuvant_bDefensin3 1-45: mean pLDDT 91.3, cross-model RMSD 0.13 A (whole-model pTM 0.17 -- global fold NOT determined)"
