SeqID,Sequence,ESM Score,Prediction
Pep_0,AAASSTHRKVASSTTQ,0.346,Non-Hemolytic
Pep_1,AAESSTLPNKSDVLTT,0.222,Non-Hemolytic
Pep_2,AAGSTMGAASITLTV,0.298,Non-Hemolytic
Pep_3,AAITDSAVAVAAASS,0.208,Non-Hemolytic
Pep_4,AAITDSAVAVAAASST,0.214,Non-Hemolytic
Pep_5,AAMQMLKETINEEAA,0.181,Non-Hemolytic
Pep_6,AANTNIMIF,0.194,Non-Hemolytic
Pep_7,AANTNIMIFFLDRVL,0.485,Non-Hemolytic
Pep_8,AASSTHRKVASSTTQY,0.312,Non-Hemolytic
Pep_9,ACMTDYDTLIDVQSLH,0.191,Non-Hemolytic
Pep_10,ACPKISFDPIPIHYC,0.188,Non-Hemolytic
Pep_11,ACPKISFDPIPIHYCT,0.188,Non-Hemolytic
Pep_12,ACQGVGGPSHKARVLA,0.251,Non-Hemolytic
Pep_13,ADLLKMCIKYTACMTD,0.269,Non-Hemolytic
Pep_14,AEANCGLQTI,0.182,Non-Hemolytic
Pep_15,AEDSYGCTL,0.193,Non-Hemolytic
Pep_16,AEDSYGCTLL,0.188,Non-Hemolytic
Pep_17,AEDSYGCTLLHRCIYN,0.206,Non-Hemolytic
Pep_18,AEEIGIDLDDVPSVV,0.184,Non-Hemolytic
Pep_19,AEEIGIDLDDVPSVVS,0.186,Non-Hemolytic
Pep_20,AELFEICLENANIDSV,0.196,Non-Hemolytic
Pep_21,AESSTLPNKSDVLTTW,0.189,Non-Hemolytic
Pep_22,AETKEFKTL,0.197,Non-Hemolytic
Pep_23,AETKEFKTLY,0.186,Non-Hemolytic
Pep_24,AETKEFKTLYNLFID,0.183,Non-Hemolytic
Pep_25,AEVNNIIDI,0.184,Non-Hemolytic
Pep_26,AEVNNIIDIQKLNIG,0.197,Non-Hemolytic
Pep_27,AEVNNIIDIQKLNIGE,0.203,Non-Hemolytic
Pep_28,AGDKWSCFPNEIKYK,0.186,Non-Hemolytic
Pep_29,AGDKWSCFPNEIKYKI,0.183,Non-Hemolytic
Pep_30,AGSTMGAASITLTVQ,0.336,Non-Hemolytic
Pep_31,AIAEEIGIDLDDVPS,0.192,Non-Hemolytic
Pep_32,AIAEEIGIDLDDVPSV,0.192,Non-Hemolytic
Pep_33,AICSIRRNLALKYRY,0.181,Non-Hemolytic
Pep_34,AIILVIFTV,0.706,Hemolytic
Pep_35,AITDSAVAV,0.2,Non-Hemolytic
Pep_36,AITDSAVAVAAASST,0.192,Non-Hemolytic
Pep_37,AITDSAVAVAAASSTH,0.209,Non-Hemolytic
Pep_38,AKANCAAESSTLPNKS,0.186,Non-Hemolytic
Pep_39,ALKYRYGTF,0.185,Non-Hemolytic
Pep_40,ALNPGLLET,0.18,Non-Hemolytic
Pep_41,ALRITNKCMSNSRLS,0.184,Non-Hemolytic
Pep_42,AMIFGFLGA,0.675,Hemolytic
Pep_43,AMIFGFLGAAGSTMG,0.709,Hemolytic
Pep_44,ANCAAESSTLPNKSDV,0.187,Non-Hemolytic
Pep_45,ANEAAITDSAVAVAA,0.232,Non-Hemolytic
Pep_46,ANEAAITDSAVAVAAA,0.228,Non-Hemolytic
Pep_47,ANIDSVDFNGYTPLH,0.216,Non-Hemolytic
Pep_48,ANIDSVDFNGYTPLHY,0.258,Non-Hemolytic
Pep_49,ANNNKIIMDILLSKR,0.191,Non-Hemolytic
Pep_50,ANTNIMIFFLDRVLN,0.265,Non-Hemolytic
Pep_51,ANVNARNRFGTTPFYC,0.187,Non-Hemolytic
Pep_52,APPGQHMLL,0.31,Non-Hemolytic
Pep_53,APRKKGCWKCGKEGHQ,0.332,Non-Hemolytic
Pep_54,AQHSIPTNV,0.266,Non-Hemolytic
Pep_55,ARNRFGTTPF,0.213,Non-Hemolytic
Pep_56,ARNRFGTTPFYCGII,0.207,Non-Hemolytic
Pep_57,ARNRFGTTPFYCGIIH,0.2,Non-Hemolytic
Pep_58,ARQLLSGIVQQQSNL,0.178,Non-Hemolytic
Pep_59,ARVLAVERY,0.199,Non-Hemolytic
Pep_60,ASIRYRQRLISLLSK,0.182,Non-Hemolytic
Pep_61,ASIRYRQRLISLLSKK,0.184,Non-Hemolytic
Pep_62,ASRELERFALNPGLL,0.198,Non-Hemolytic
Pep_63,ASRELERFALNPGLLE,0.181,Non-Hemolytic
Pep_64,ASSTHRKVASSTTQY,0.268,Non-Hemolytic
Pep_65,ASSTHRKVASSTTQYD,0.298,Non-Hemolytic
Pep_66,ASSTTQYDHKESCNG,0.305,Non-Hemolytic
Pep_67,ASSTTQYDHKESCNGL,0.208,Non-Hemolytic
Pep_68,ATPQDLNMML,0.183,Non-Hemolytic
Pep_69,ATPQDLNMMLNIVGG,0.178,Non-Hemolytic
Pep_70,ATVYGDKIQGKNKRK,0.276,Non-Hemolytic
Pep_71,ATVYGDKIQGKNKRKR,0.267,Non-Hemolytic
Pep_72,AVAAASSTHRKVASST,0.318,Non-Hemolytic
Pep_73,AVAVAAASSTHRKVA,0.25,Non-Hemolytic
Pep_74,AVAVAAASSTHRKVAS,0.27,Non-Hemolytic
Pep_75,AVESLDYLLSRGVID,0.194,Non-Hemolytic
Pep_76,AVESLDYLLSRGVIDI,0.201,Non-Hemolytic
Pep_77,AVSYNAYNTLVYLLN,0.407,Non-Hemolytic
Pep_78,AWVKVVEEKGFNPEV,0.181,Non-Hemolytic
Pep_79,AWVKVVEEKGFNPEVI,0.182,Non-Hemolytic
Pep_80,AYAEVNNII,0.178,Non-Hemolytic
Pep_81,AYAEVNNIIDIQKLN,0.182,Non-Hemolytic
Pep_82,AYAEVNNIIDIQKLNI,0.181,Non-Hemolytic
Pep_83,AYNTLVYLL,0.42,Non-Hemolytic
Pep_84,AYNTLVYLLNRNGDF,0.334,Non-Hemolytic
Pep_85,CAAESSTLPNKSDVLT,0.191,Non-Hemolytic
Pep_86,CALRITNKCMSNSRL,0.18,Non-Hemolytic
Pep_87,CFDEIDIMKRCYIKN,0.188,Non-Hemolytic
Pep_88,CFDEIDIMKRCYIKNK,0.202,Non-Hemolytic
Pep_89,CFPNEIKYKILENFN,0.181,Non-Hemolytic
Pep_90,CGLQTIVKSLNKIYV,0.178,Non-Hemolytic
Pep_91,CGLQTIVKSLNKIYVP,0.178,Non-Hemolytic
Pep_92,CIKDINTLMRYGRHP,0.174,Non-Hemolytic
Pep_93,CIKYTACMTDYDTLI,0.2,Non-Hemolytic
Pep_94,CIKYTACMTDYDTLID,0.224,Non-Hemolytic
Pep_95,CISEAVANNNKIIMD,0.218,Non-Hemolytic
Pep_96,CIYNYRKSESESYNE,0.209,Non-Hemolytic
Pep_97,CIYNYRKSESESYNEL,0.2,Non-Hemolytic
Pep_98,CLENANIDSVDFNGY,0.219,Non-Hemolytic
Pep_99,CLENANIDSVDFNGYT,0.219,Non-Hemolytic
Pep_100,CMSANEAAITDSAVA,0.202,Non-Hemolytic
Pep_101,CMSANEAAITDSAVAV,0.193,Non-Hemolytic
Pep_102,CMSNSRLSF,0.194,Non-Hemolytic
Pep_103,CMTDYDTLIDVQSLH,0.279,Non-Hemolytic
Pep_104,CMTDYDTLIDVQSLHQ,0.26,Non-Hemolytic
Pep_105,CNAYAEVNNIIDIQK,0.177,Non-Hemolytic
Pep_106,CNAYAEVNNIIDIQKL,0.176,Non-Hemolytic
Pep_107,CNILDVYGSHVRNII,0.191,Non-Hemolytic
Pep_108,CNILDVYGSHVRNIIA,0.186,Non-Hemolytic
Pep_109,CPKISFDPIPIHYCT,0.214,Non-Hemolytic
Pep_110,CPKISFDPIPIHYCTP,0.227,Non-Hemolytic
Pep_111,CQGVGGPSHKARVLAE,0.272,Non-Hemolytic
Pep_112,CRAPRKKGCWKCGKEG,0.256,Non-Hemolytic
Pep_113,CRNKYDFVKLLISKG,0.254,Non-Hemolytic
Pep_114,CSAPPGQHM,0.22,Non-Hemolytic
Pep_115,CSAPPGQHMLLQIVNT,0.184,Non-Hemolytic
Pep_116,CSIRRNLAL,0.205,Non-Hemolytic
Pep_117,CSIRRNLALKYRYGT,0.184,Non-Hemolytic
Pep_118,CSNSSNSSTSHIIQE,0.198,Non-Hemolytic
Pep_119,CSNSSNSSTSHIIQEY,0.206,Non-Hemolytic
Pep_120,CTCISEAVANNNKII,0.182,Non-Hemolytic
Pep_121,CTHGIKPVVSTQLLL,0.179,Non-Hemolytic
Pep_122,CTLLHRCIY,0.21,Non-Hemolytic
Pep_123,CTLLHRCIYNYRKSES,0.191,Non-Hemolytic
Pep_124,CWKCGKEGHQMKDCTE,0.578,Hemolytic
Pep_125,CYIKNKTVF,0.182,Non-Hemolytic
Pep_126,CYILHSDYKSFEDAK,0.193,Non-Hemolytic
Pep_127,CYILHSDYKSFEDAKA,0.196,Non-Hemolytic
Pep_128,DAANTNIMIFFLDRV,0.236,Non-Hemolytic
Pep_129,DAEDSYGCTLLHRCIY,0.219,Non-Hemolytic
Pep_130,DAGDKWSCFPNEIKYK,0.187,Non-Hemolytic
Pep_131,DAKANCAAESSTLPNK,0.196,Non-Hemolytic
Pep_132,DAVESLDYLLSRGVI,0.181,Non-Hemolytic
Pep_133,DAVSYNAYNTLVYLL,0.414,Non-Hemolytic
Pep_134,DAWEKIRLRPGGKKK,0.227,Non-Hemolytic
Pep_135,DAWEKIRLRPGGKKKY,0.227,Non-Hemolytic
Pep_136,DEEQTSVFSATVYGD,0.2,Non-Hemolytic
Pep_137,DEEQTSVFSATVYGDK,0.195,Non-Hemolytic
Pep_138,DEIDIMKRCYIKNKT,0.188,Non-Hemolytic
Pep_139,DEIDIMKRCYIKNKTV,0.185,Non-Hemolytic
Pep_140,DFETITTSGCTCISEA,0.212,Non-Hemolytic
Pep_141,DFFKKEILDW,0.182,Non-Hemolytic
Pep_142,DFLSRWPNL,0.184,Non-Hemolytic
Pep_143,DFLSRWPNLF,0.183,Non-Hemolytic
Pep_144,DFLSRWPNLFHILEYG,0.315,Non-Hemolytic
Pep_145,DFNGYTPLHYVSCRN,0.25,Non-Hemolytic
Pep_146,DFVKLLISKGANVNA,0.541,Non-Hemolytic
Pep_147,DFVKLLISKGANVNAR,0.533,Non-Hemolytic
Pep_148,DGNPITKTTSDYQDS,0.201,Non-Hemolytic
Pep_149,DGNPITKTTSDYQDSD,0.194,Non-Hemolytic
Pep_150,DHKESCNGLYYQGSCY,0.293,Non-Hemolytic
Pep_151,DHLDNSIRLMLENGR,0.186,Non-Hemolytic
Pep_152,DHLDNSIRLMLENGRR,0.187,Non-Hemolytic
Pep_153,DIAGTTSTL,0.233,Non-Hemolytic
Pep_154,DILLSKRPSL,0.203,Non-Hemolytic
Pep_155,DILLSKRPSLKIMIP,0.185,Non-Hemolytic
Pep_156,DILLSKRPSLKIMIPS,0.185,Non-Hemolytic
Pep_157,DIMKRCYIKNKTVFQL,0.187,Non-Hemolytic
Pep_158,DINTLMRYGRHPSFVK,0.175,Non-Hemolytic
Pep_159,DINYRTIYNETSIYD,0.212,Non-Hemolytic
Pep_160,DINYRTIYNETSIYDA,0.216,Non-Hemolytic
Pep_161,DIQKLNIGECSAPPGQ,0.196,Non-Hemolytic
Pep_162,DIRQGPKEPFRDYVDR,0.215,Non-Hemolytic
Pep_163,DIYKRWIIL,0.192,Non-Hemolytic
Pep_164,DIYKRWIILGLNKIV,0.264,Non-Hemolytic
Pep_165,DKIQGKNKRKRVIGLC,0.178,Non-Hemolytic
Pep_166,DKKDTYGNTPFILLC,0.211,Non-Hemolytic
Pep_167,DKKDTYGNTPFILLCK,0.203,Non-Hemolytic
Pep_168,DKTIVDFLSRWPNLF,0.23,Non-Hemolytic
Pep_169,DKWSCFPNEIKYKILE,0.185,Non-Hemolytic
Pep_170,DLDDVPSVV,0.188,Non-Hemolytic
Pep_171,DLLKMCIKY,0.174,Non-Hemolytic
Pep_172,DLLKMCIKYTACMTDY,0.397,Non-Hemolytic
Pep_173,DLNMMLNIVGGHQAA,0.209,Non-Hemolytic
Pep_174,DNSIRLMLENGRRTR,0.197,Non-Hemolytic
Pep_175,DNSIRLMLENGRRTRH,0.195,Non-Hemolytic
Pep_176,DPIPIHYCTPAGYAI,0.191,Non-Hemolytic
Pep_177,DQSLKPCVKLTPLCVT,0.18,Non-Hemolytic
Pep_178,DRRAIAEEIGIDLDDV,0.215,Non-Hemolytic
Pep_179,DRVLNINKNRGSFIH,0.202,Non-Hemolytic
Pep_180,DRVLNINKNRGSFIHN,0.228,Non-Hemolytic
Pep_181,DSAVAVAAASSTHRK,0.258,Non-Hemolytic
Pep_182,DSAVAVAAASSTHRKV,0.292,Non-Hemolytic
Pep_183,DSVDFNGYTPLHYVS,0.203,Non-Hemolytic
Pep_184,DSVDFNGYTPLHYVSC,0.214,Non-Hemolytic
Pep_185,DSYGCTLLHRCIYNYR,0.203,Non-Hemolytic
Pep_186,DSYLQKLAQHSIPTN,0.184,Non-Hemolytic
Pep_187,DSYLQKLAQHSIPTNV,0.179,Non-Hemolytic
Pep_188,DTELEIDNEHIVRHL,0.184,Non-Hemolytic
Pep_189,DTELEIDNEHIVRHLI,0.176,Non-Hemolytic
Pep_190,DTLIDVQSLHQYKWY,0.206,Non-Hemolytic
Pep_191,DTLIDVQSLHQYKWYI,0.2,Non-Hemolytic
Pep_192,DTVNIYISILINHRF,0.198,Non-Hemolytic
Pep_193,DTWGSDGNPITKTTSD,0.203,Non-Hemolytic
Pep_194,DTYGNTPFILLCKHD,0.183,Non-Hemolytic
Pep_195,DVDKKDTYGNTPFILL,0.2,Non-Hemolytic
Pep_196,DVISLWDQSLKPCVKL,0.184,Non-Hemolytic
Pep_197,DVLTTWLIDYVEDTW,0.307,Non-Hemolytic
Pep_198,DVLTTWLIDYVEDTWG,0.258,Non-Hemolytic
Pep_199,DVSQEVRKY,0.226,Non-Hemolytic
Pep_200,DVYGSHVRNIIASIRY,0.183,Non-Hemolytic
Pep_201,DYDTLIDVQSLHQYK,0.194,Non-Hemolytic
Pep_202,DYDTLIDVQSLHQYKW,0.218,Non-Hemolytic
Pep_203,DYKSFEDAKANCAAE,0.199,Non-Hemolytic
Pep_204,DYKSFEDAKANCAAES,0.206,Non-Hemolytic
Pep_205,DYLLSRGVIDINYRT,0.189,Non-Hemolytic
Pep_206,DYLLSRGVIDINYRTI,0.182,Non-Hemolytic
Pep_207,DYQDSDVSQEVRKYF,0.177,Non-Hemolytic
Pep_208,DYQDSDVSQEVRKYFC,0.184,Non-Hemolytic
Pep_209,DYVDRFYKTL,0.181,Non-Hemolytic
Pep_210,DYVDRFYKTLRAEQA,0.187,Non-Hemolytic
Pep_211,DYVEDTWGSDGNPITK,0.194,Non-Hemolytic
Pep_212,EAAITDSAVAVAAAS,0.185,Non-Hemolytic
Pep_213,EAAITDSAVAVAAASS,0.183,Non-Hemolytic
Pep_214,EAVANNNKIIMDILL,0.175,Non-Hemolytic
Pep_215,ECSAPPGQHMLLQIVN,0.181,Non-Hemolytic
Pep_216,EDAKANCAAESSTLPN,0.184,Non-Hemolytic
Pep_217,EDSYGCTLLHRCIYNY,0.254,Non-Hemolytic
Pep_218,EDTWGSDGNPITKTT,0.192,Non-Hemolytic
Pep_219,EDTWGSDGNPITKTTS,0.191,Non-Hemolytic
Pep_220,EDVISLWDQSLKPCV,0.191,Non-Hemolytic
Pep_221,EDVISLWDQSLKPCVK,0.179,Non-Hemolytic
Pep_222,EEIGIDLDDVPSVVS,0.182,Non-Hemolytic
Pep_223,EEKGFNPEV,0.192,Non-Hemolytic
Pep_224,EEKGFNPEVIPMFSAL,0.175,Non-Hemolytic
Pep_225,EEMMTACQGVGGPSHK,0.18,Non-Hemolytic
Pep_226,EEQTSVFSATVYGDK,0.186,Non-Hemolytic
Pep_227,EEQTSVFSATVYGDKI,0.181,Non-Hemolytic
Pep_228,EFKTLYNLF,0.188,Non-Hemolytic
Pep_229,EFKTLYNLFIDSYLQ,0.537,Non-Hemolytic
Pep_230,EFKTLYNLFIDSYLQK,0.382,Non-Hemolytic
Pep_231,EGHQMKDCTERQANFL,0.188,Non-Hemolytic
Pep_232,EHIVRHLII,0.181,Non-Hemolytic
Pep_233,EHIVRHLIIFDAVES,0.246,Non-Hemolytic
Pep_234,EICLENANIDSVDFNG,0.2,Non-Hemolytic
Pep_235,EIDIMKRCY,0.176,Non-Hemolytic
Pep_236,EIDIMKRCYIKNKTVF,0.186,Non-Hemolytic
Pep_237,EIGIDLDDVPSVVSK,0.184,Non-Hemolytic
Pep_238,EIKYKILENF,0.186,Non-Hemolytic
Pep_239,EIKYKILENFNDNEL,0.205,Non-Hemolytic
Pep_240,EIKYKILENFNDNELT,0.207,Non-Hemolytic
Pep_241,EILDWSIYL,0.222,Non-Hemolytic
Pep_242,EKDRRAIAEEIGIDL,0.192,Non-Hemolytic
Pep_243,EKDRRAIAEEIGIDLD,0.201,Non-Hemolytic
Pep_244,EKGFNPEVIPMFSALS,0.178,Non-Hemolytic
Pep_245,EKNCNAYAEVNNIID,0.18,Non-Hemolytic
Pep_246,EKNCNAYAEVNNIIDI,0.18,Non-Hemolytic
Pep_247,EKVDKTIVDFLSRWP,0.181,Non-Hemolytic
Pep_248,ELEIDNEHIVRHLII,0.175,Non-Hemolytic
Pep_249,ELFEICLENANIDSVD,0.237,Non-Hemolytic
Pep_250,ELIKILLNNGSDVDK,0.551,Hemolytic
Pep_251,ELIKILLNNGSDVDKK,0.584,Hemolytic
Pep_252,EMMTACQGVGGPSHKA,0.21,Non-Hemolytic
Pep_253,ENANIDSVDFNGYTP,0.187,Non-Hemolytic
Pep_254,ENANIDSVDFNGYTPL,0.184,Non-Hemolytic
Pep_255,ENDEEQTSVFSATVY,0.193,Non-Hemolytic
Pep_256,ENDEEQTSVFSATVYG,0.208,Non-Hemolytic
Pep_257,ENGRRTRHFLSYILD,0.184,Non-Hemolytic
Pep_258,ENILHIYFIDAANTN,0.284,Non-Hemolytic
Pep_259,EPFRDYVDRFYKTLR,0.185,Non-Hemolytic
Pep_260,EPFRDYVDRFYKTLRA,0.188,Non-Hemolytic
Pep_261,EQMQEDVISLWDQSL,0.186,Non-Hemolytic
Pep_262,EQMQEDVISLWDQSLK,0.189,Non-Hemolytic
Pep_263,EQTSVFSATVYGDKI,0.185,Non-Hemolytic
Pep_264,EQTSVFSATVYGDKIQ,0.185,Non-Hemolytic
Pep_265,ERFALNPGL,0.194,Non-Hemolytic
Pep_266,ESDTELEIDNEHIVR,0.189,Non-Hemolytic
Pep_267,ESDTELEIDNEHIVRH,0.188,Non-Hemolytic
Pep_268,ESESYNELIKILLNN,0.196,Non-Hemolytic
Pep_269,ESFIEVISL,0.187,Non-Hemolytic
Pep_270,ESLDYLLSRGVIDIN,0.195,Non-Hemolytic
Pep_271,ESLDYLLSRGVIDINY,0.21,Non-Hemolytic
Pep_272,ESSTLPNKSDVLTTWL,0.18,Non-Hemolytic
Pep_273,ESYNELIKILLNNGS,0.232,Non-Hemolytic
Pep_274,ETITTSGCTCISEAVA,0.184,Non-Hemolytic
Pep_275,ETKEFKTLY,0.184,Non-Hemolytic
Pep_276,ETKEFKTLYNLFIDS,0.228,Non-Hemolytic
Pep_277,ETLLVQNANPDCKSI,0.195,Non-Hemolytic
Pep_278,ETSIYDAVSY,0.192,Non-Hemolytic
Pep_279,ETSIYDAVSYNAYNT,0.195,Non-Hemolytic
Pep_280,EVHNVWATHACVPTD,0.336,Non-Hemolytic
Pep_281,EVIGQFKNCALRITN,0.177,Non-Hemolytic
Pep_282,EVIPMFSAL,0.181,Non-Hemolytic
Pep_283,EVIPMFSALSEGATP,0.177,Non-Hemolytic
Pep_284,EVKNWMTETLLVQNA,0.212,Non-Hemolytic
Pep_285,EVKNWMTETLLVQNAN,0.21,Non-Hemolytic
Pep_286,EVNNIIDIQKLNIGE,0.21,Non-Hemolytic
Pep_287,EVNNIIDIQKLNIGEC,0.207,Non-Hemolytic
Pep_288,EYGENILHI,0.174,Non-Hemolytic
Pep_289,EYGENILHIY,0.173,Non-Hemolytic
Pep_290,EYGENILHIYFIDAA,0.385,Non-Hemolytic
Pep_291,EYNLVRKYEKVDKTI,0.182,Non-Hemolytic
Pep_292,EYVYQLVNNDHLDNS,0.215,Non-Hemolytic
Pep_293,EYVYQLVNNDHLDNSI,0.199,Non-Hemolytic
Pep_294,FALNPGLLET,0.175,Non-Hemolytic
Pep_295,FDAVESLDY,0.175,Non-Hemolytic
Pep_296,FDAVESLDYLLSRGV,0.179,Non-Hemolytic
Pep_297,FDEIDIMKRCYIKNK,0.197,Non-Hemolytic
Pep_298,FDEIDIMKRCYIKNKT,0.198,Non-Hemolytic
Pep_299,FDPIPIHYCTPAGYA,0.21,Non-Hemolytic
Pep_300,FEDAKANCAAESSTLP,0.177,Non-Hemolytic
Pep_301,FEICLENANIDSVDFN,0.193,Non-Hemolytic
Pep_302,FETITTSGCTCISEAV,0.182,Non-Hemolytic
Pep_303,FFKKEILDW,0.182,Non-Hemolytic
Pep_304,FFKKEILDWSIYLFL,0.654,Hemolytic
Pep_305,FFLDRVLNI,0.195,Non-Hemolytic
Pep_306,FFLDRVLNINKNRGS,0.22,Non-Hemolytic
Pep_307,FFLDRVLNINKNRGSF,0.209,Non-Hemolytic
Pep_308,FGFLGAAGSTMGAAS,0.326,Non-Hemolytic
Pep_309,FGTTPFYCGIIHGIS,0.2,Non-Hemolytic
Pep_310,FHILEYGENILHIYF,0.217,Non-Hemolytic
Pep_311,FHILEYGENILHIYFI,0.237,Non-Hemolytic
Pep_312,FIDAANTNI,0.187,Non-Hemolytic
Pep_313,FIDSYLQKL,0.18,Non-Hemolytic
Pep_314,FIDSYLQKLAQHSIP,0.181,Non-Hemolytic
Pep_315,FIDSYLQKLAQHSIPT,0.178,Non-Hemolytic
Pep_316,FKKEILDWSIYLFLH,0.6,Hemolytic
Pep_317,FKTLYNLFIDSYLQK,0.593,Hemolytic
Pep_318,FKTLYNLFIDSYLQKL,0.626,Hemolytic
Pep_319,FLDRVLNINKNRGSF,0.202,Non-Hemolytic
Pep_320,FLDRVLNINKNRGSFI,0.186,Non-Hemolytic
Pep_321,FLGAAGSTM,0.201,Non-Hemolytic
Pep_322,FLGAAGSTMGAASIT,0.248,Non-Hemolytic
Pep_323,FLHYITRLCSNSSNSS,0.205,Non-Hemolytic
Pep_324,FLIVRLNQC,0.181,Non-Hemolytic
Pep_325,FLSRWPNLF,0.217,Non-Hemolytic
Pep_326,FLSRWPNLFHILEYGE,0.36,Non-Hemolytic
Pep_327,FLSYILDTV,0.293,Non-Hemolytic
Pep_328,FLSYILDTVNIYISI,0.699,Hemolytic
Pep_329,FLVGVAIIL,0.695,Hemolytic
Pep_330,FLVGVAIILV,0.707,Hemolytic
Pep_331,FNCRGEFFY,0.185,Non-Hemolytic
Pep_332,FNDNELTTY,0.18,Non-Hemolytic
Pep_333,FNDNELTTYL,0.178,Non-Hemolytic
Pep_334,FNGYTPLHY,0.182,Non-Hemolytic
Pep_335,FNGYTPLHYVSCRNK,0.214,Non-Hemolytic
Pep_336,FNPEVIPMF,0.175,Non-Hemolytic
Pep_337,FNPEVIPMFSALSEG,0.173,Non-Hemolytic
Pep_338,FPNEIKYKI,0.182,Non-Hemolytic
Pep_339,FPNEIKYKIL,0.176,Non-Hemolytic
Pep_340,FPNEIKYKILENFND,0.185,Non-Hemolytic
Pep_341,FRDYVDRFY,0.224,Non-Hemolytic
Pep_342,FRDYVDRFYKTLRAE,0.208,Non-Hemolytic
Pep_343,FRDYVDRFYKTLRAEQ,0.201,Non-Hemolytic
Pep_344,FSATVYGDKIQGKNK,0.187,Non-Hemolytic
Pep_345,FSATVYGDKIQGKNKR,0.192,Non-Hemolytic
Pep_346,FTLMVESFIEVISLL,0.594,Hemolytic
Pep_347,FTVAICSIRRNLALK,0.187,Non-Hemolytic
Pep_348,FVKCNILDVY,0.182,Non-Hemolytic
Pep_349,FVKCNILDVYGSHVRN,0.206,Non-Hemolytic
Pep_350,FVKLLISKGANVNAR,0.537,Non-Hemolytic
Pep_351,FVKLLISKGANVNARN,0.56,Hemolytic
Pep_352,FYCGIIHGI,0.202,Non-Hemolytic
Pep_353,FYIDAEDSY,0.184,Non-Hemolytic
Pep_354,FYIDAEDSYGCTLLHR,0.25,Non-Hemolytic
Pep_355,GAASITLTV,0.185,Non-Hemolytic
Pep_356,GAMIFGFLGAAGSTM,0.732,Hemolytic
Pep_357,GANVNARNRFGTTPFY,0.201,Non-Hemolytic
Pep_358,GCTCISEAVANNNKI,0.181,Non-Hemolytic
Pep_359,GCTLLHRCIYNYRKSE,0.188,Non-Hemolytic
Pep_360,GCWKCGKEGHQMKDCT,0.596,Hemolytic
Pep_361,GDFETITTSGCTCISE,0.226,Non-Hemolytic
Pep_362,GDIYKRWIILGLNKI,0.204,Non-Hemolytic
Pep_363,GDKIQGKNKRKRVIGL,0.176,Non-Hemolytic
Pep_364,GDKWSCFPNEIKYKIL,0.188,Non-Hemolytic
Pep_365,GECSAPPGQHMLLQIV,0.187,Non-Hemolytic
Pep_366,GENILHIYF,0.182,Non-Hemolytic
Pep_367,GENILHIYFIDAANT,0.286,Non-Hemolytic
Pep_368,GFLGAAGSTMGAASI,0.219,Non-Hemolytic
Pep_369,GFNPEVIPMF,0.174,Non-Hemolytic
Pep_370,GFNPEVIPMFSALSE,0.18,Non-Hemolytic
Pep_371,GGKLDAWEKIRLRPG,0.182,Non-Hemolytic
Pep_372,GGKLDAWEKIRLRPGG,0.18,Non-Hemolytic
Pep_373,GGPSHKARVL,0.316,Non-Hemolytic
Pep_374,GGPSHKARVLAEAMS,0.189,Non-Hemolytic
Pep_375,GHQMKDCTERQANFLG,0.188,Non-Hemolytic
Pep_376,GIDLDDVPSV,0.209,Non-Hemolytic
Pep_377,GIDLDDVPSVVSKLE,0.19,Non-Hemolytic
Pep_378,GIGAMIFGFLGAAGS,0.746,Hemolytic
Pep_379,GIIHGISLI,0.201,Non-Hemolytic
Pep_380,GIKPVVSTQLLLNGS,0.203,Non-Hemolytic
Pep_381,GIKQLQARVLAVERY,0.183,Non-Hemolytic
Pep_382,GIKQLQARVLAVERYL,0.188,Non-Hemolytic
Pep_383,GISLIKLYLESDTELE,0.247,Non-Hemolytic
Pep_384,GIVQQQSNLLRAIEA,0.185,Non-Hemolytic
Pep_385,GKLDAWEKIRLRPGG,0.179,Non-Hemolytic
Pep_386,GKLDAWEKIRLRPGGK,0.178,Non-Hemolytic
Pep_387,GLIGLRIIF,0.567,Hemolytic
Pep_388,GLIGLRIIFA,0.661,Hemolytic
Pep_389,GLNKIVRMY,0.18,Non-Hemolytic
Pep_390,GLNKIVRMYSPVSIL,0.21,Non-Hemolytic
Pep_391,GLNKIVRMYSPVSILD,0.213,Non-Hemolytic
Pep_392,GLQTIVKSL,0.18,Non-Hemolytic
Pep_393,GLQTIVKSLNKIYVP,0.181,Non-Hemolytic
Pep_394,GLQTIVKSLNKIYVPP,0.183,Non-Hemolytic
Pep_395,GLSSINIKEY,0.186,Non-Hemolytic
Pep_396,GLYYQGSCY,0.188,Non-Hemolytic
Pep_397,GLYYQGSCYILHSDY,0.379,Non-Hemolytic
Pep_398,GNPITKTTSDYQDSD,0.216,Non-Hemolytic
Pep_399,GNPITKTTSDYQDSDV,0.209,Non-Hemolytic
Pep_400,GNTPFILLCKHDIDN,0.184,Non-Hemolytic
Pep_401,GPKEPFRDY,0.206,Non-Hemolytic
Pep_402,GPKEPFRDYV,0.187,Non-Hemolytic
Pep_403,GPKEPFRDYVDRFYK,0.187,Non-Hemolytic
Pep_404,GPKEPFRDYVDRFYKT,0.187,Non-Hemolytic
Pep_405,GPSHKARVL,0.331,Non-Hemolytic
Pep_406,GPSHKARVLA,0.221,Non-Hemolytic
Pep_407,GQHMLLQIVNTGSAE,0.186,Non-Hemolytic
Pep_408,GRHPSFVKC,0.283,Non-Hemolytic
Pep_409,GRHPSFVKCNILDVYG,0.221,Non-Hemolytic
Pep_410,GRRTRHFLSY,0.188,Non-Hemolytic
Pep_411,GRRTRHFLSYILDTV,0.348,Non-Hemolytic
Pep_412,GSCYILHSDYKSFED,0.203,Non-Hemolytic
Pep_413,GSCYILHSDYKSFEDA,0.206,Non-Hemolytic
Pep_414,GSDGNPITK,0.246,Non-Hemolytic
Pep_415,GSDGNPITKTTSDYQD,0.209,Non-Hemolytic
Pep_416,GSDVDKKDTY,0.191,Non-Hemolytic
Pep_417,GSDVDKKDTYGNTPFI,0.18,Non-Hemolytic
Pep_418,GSFIHNLGLSSINIK,0.193,Non-Hemolytic
Pep_419,GSHVRNIIASIRYRQ,0.187,Non-Hemolytic
Pep_420,GSHVRNIIASIRYRQR,0.187,Non-Hemolytic
Pep_421,GSTMGAASITLTVQA,0.234,Non-Hemolytic
Pep_422,GTTPFYCGIIHGISL,0.193,Non-Hemolytic
Pep_423,GVGGPSHKARVLAEA,0.198,Non-Hemolytic
Pep_424,GVGGPSHKARVLAEAM,0.191,Non-Hemolytic
Pep_425,GVIDINYRTIYNETS,0.21,Non-Hemolytic
Pep_426,GVIDINYRTIYNETSI,0.205,Non-Hemolytic
Pep_427,HDIDNAELF,0.179,Non-Hemolytic
Pep_428,HFLSYILDTVNIYIS,0.499,Non-Hemolytic
Pep_429,HGIKPVVSTQLLLNG,0.19,Non-Hemolytic
Pep_430,HGISLIKLY,0.18,Non-Hemolytic
Pep_431,HGISLIKLYLESDTE,0.242,Non-Hemolytic
Pep_432,HGISLIKLYLESDTEL,0.237,Non-Hemolytic
Pep_433,HIIQEYNLVRKYEKV,0.196,Non-Hemolytic
Pep_434,HILEYGENILHIYFID,0.231,Non-Hemolytic
Pep_435,HIPRRIRQGL,0.196,Non-Hemolytic
Pep_436,HIVRHLIIF,0.293,Non-Hemolytic
Pep_437,HIVRHLIIFDAVESL,0.569,Hemolytic
Pep_438,HKESCNGLYYQGSCYI,0.226,Non-Hemolytic
Pep_439,HLDNSIRLM,0.186,Non-Hemolytic
Pep_440,HLDNSIRLML,0.187,Non-Hemolytic
Pep_441,HLDNSIRLMLENGRR,0.187,Non-Hemolytic
Pep_442,HLDNSIRLMLENGRRT,0.185,Non-Hemolytic
Pep_443,HLIIFDAVESLDYLL,0.238,Non-Hemolytic
Pep_444,HLVWASRELERFALN,0.178,Non-Hemolytic
Pep_445,HMLLQIVNTGSAEAN,0.196,Non-Hemolytic
Pep_446,HNADLLKMCIKYTACM,0.225,Non-Hemolytic
Pep_447,HNLGLSSINIKEYVY,0.186,Non-Hemolytic
Pep_448,HNVWATHACVPTDPN,0.262,Non-Hemolytic
Pep_449,HPSFVKCNI,0.202,Non-Hemolytic
Pep_450,HPSFVKCNIL,0.203,Non-Hemolytic
Pep_451,HPSFVKCNILDVYGSH,0.244,Non-Hemolytic
Pep_452,HQAAMQMLKETINEE,0.181,Non-Hemolytic
Pep_453,HQAAMQMLKETINEEA,0.18,Non-Hemolytic
Pep_454,HQYKWYILKCFDEID,0.446,Non-Hemolytic
Pep_455,HRCIYNYRKSESESY,0.196,Non-Hemolytic
Pep_456,HRCIYNYRKSESESYN,0.193,Non-Hemolytic
Pep_457,HRFYIDAEDSYGCTL,0.475,Non-Hemolytic
Pep_458,HRFYIDAEDSYGCTLL,0.467,Non-Hemolytic
Pep_459,HRKVASSTTQYDHKE,0.255,Non-Hemolytic
Pep_460,HRKVASSTTQYDHKES,0.256,Non-Hemolytic
Pep_461,HSDYKSFEDAKANCA,0.192,Non-Hemolytic
Pep_462,HSDYKSFEDAKANCAA,0.186,Non-Hemolytic
Pep_463,HVRNIIASI,0.19,Non-Hemolytic
Pep_464,HVRNIIASIRYRQRL,0.203,Non-Hemolytic
Pep_465,HVRNIIASIRYRQRLI,0.196,Non-Hemolytic
Pep_466,HYCTPAGYAI,0.178,Non-Hemolytic
Pep_467,HYITRLCSNSSNSST,0.201,Non-Hemolytic
Pep_468,HYITRLCSNSSNSSTS,0.21,Non-Hemolytic
Pep_469,HYVSCRNKY,0.183,Non-Hemolytic
Pep_470,IAEEIGIDL,0.189,Non-Hemolytic
Pep_471,IAEEIGIDLDDVPSV,0.19,Non-Hemolytic
Pep_472,IAEEIGIDLDDVPSVV,0.188,Non-Hemolytic
Pep_473,IASIRYRQRLISLLSK,0.185,Non-Hemolytic
Pep_474,ICLENANIDSVDFNGY,0.252,Non-Hemolytic
Pep_475,ICSIRRNLALKYRYG,0.183,Non-Hemolytic
Pep_476,IDAEDSYGCTLLHRCI,0.193,Non-Hemolytic
Pep_477,IDIMKRCYIKNKTVFQ,0.18,Non-Hemolytic
Pep_478,IDINYRTIYNETSIY,0.204,Non-Hemolytic
Pep_479,IDINYRTIYNETSIYD,0.201,Non-Hemolytic
Pep_480,IDIQKLNIGECSAPPG,0.207,Non-Hemolytic
Pep_481,IDLDDVPSVV,0.182,Non-Hemolytic
Pep_482,IDSVDFNGYTPLHYV,0.216,Non-Hemolytic
Pep_483,IDSVDFNGYTPLHYVS,0.212,Non-Hemolytic
Pep_484,IDSYLQKLAQHSIPT,0.182,Non-Hemolytic
Pep_485,IDSYLQKLAQHSIPTN,0.18,Non-Hemolytic
Pep_486,IDVQSLHQY,0.205,Non-Hemolytic
Pep_487,IDYVEDTWGSDGNPI,0.231,Non-Hemolytic
Pep_488,IDYVEDTWGSDGNPIT,0.229,Non-Hemolytic
Pep_489,IENRLPYYDPWFLVGV,0.375,Non-Hemolytic
Pep_490,IFDAVESLDY,0.184,Non-Hemolytic
Pep_491,IFDAVESLDYLLSRG,0.187,Non-Hemolytic
Pep_492,IFFLDRVLNINKNRG,0.205,Non-Hemolytic
Pep_493,IFFLDRVLNINKNRGS,0.219,Non-Hemolytic
Pep_494,IFGFLGAAGSTMGAA,0.664,Hemolytic
Pep_495,IGAMIFGFLGAAGST,0.743,Hemolytic
Pep_496,IGECSAPPGQHMLLQI,0.186,Non-Hemolytic
Pep_497,IGIDLDDVPSVVSKL,0.193,Non-Hemolytic
Pep_498,IGQFKNCAL,0.18,Non-Hemolytic
Pep_499,IHNLGLSSINIKEYV,0.178,Non-Hemolytic
Pep_500,IIASIRYRQRLISLLS,0.23,Non-Hemolytic
Pep_501,IIDIQKLNI,0.195,Non-Hemolytic
Pep_502,IIDIQKLNIGECSAPP,0.201,Non-Hemolytic
Pep_503,IIENRLPYY,0.191,Non-Hemolytic
Pep_504,IIENRLPYYDPWFLVG,0.283,Non-Hemolytic
Pep_505,IIFDAVESL,0.184,Non-Hemolytic
Pep_506,IIFDAVESLDYLLSR,0.192,Non-Hemolytic
Pep_507,IILGLNKIVRMYSPVS,0.23,Non-Hemolytic
Pep_508,IIMDILLSKRPSLKI,0.232,Non-Hemolytic
Pep_509,IIMDILLSKRPSLKIM,0.27,Non-Hemolytic
Pep_510,IIQEYNLVRKYEKVD,0.203,Non-Hemolytic
Pep_511,IKDINTLMRYGRHPS,0.177,Non-Hemolytic
Pep_512,IKEYVYQLVNNDHLD,0.208,Non-Hemolytic
Pep_513,IKILLNNGSDVDKKD,0.251,Non-Hemolytic
Pep_514,IKILLNNGSDVDKKDT,0.386,Non-Hemolytic
Pep_515,IKLYLESDTELEIDN,0.231,Non-Hemolytic
Pep_516,IKLYLESDTELEIDNE,0.242,Non-Hemolytic
Pep_517,IKNKTVFQL,0.18,Non-Hemolytic
Pep_518,IKPVVSTQL,0.188,Non-Hemolytic
Pep_519,IKPVVSTQLL,0.183,Non-Hemolytic
Pep_520,IKPVVSTQLLLNGSL,0.204,Non-Hemolytic
Pep_521,IKQACPKISFDPIPIH,0.18,Non-Hemolytic
Pep_522,IKQLQARVLAVERYL,0.174,Non-Hemolytic
Pep_523,IKYKILENFNDNELT,0.208,Non-Hemolytic
Pep_524,IKYKILENFNDNELTT,0.22,Non-Hemolytic
Pep_525,IKYTACMTDYDTLID,0.208,Non-Hemolytic
Pep_526,IKYTACMTDYDTLIDV,0.227,Non-Hemolytic
Pep_527,ILDIRQGPKEPFRDY,0.197,Non-Hemolytic
Pep_528,ILDIRQGPKEPFRDYV,0.192,Non-Hemolytic
Pep_529,ILDTVNIYI,0.205,Non-Hemolytic
Pep_530,ILDTVNIYISILINH,0.348,Non-Hemolytic
Pep_531,ILDVYGSHV,0.182,Non-Hemolytic
Pep_532,ILDVYGSHVRNIIAS,0.181,Non-Hemolytic
Pep_533,ILDVYGSHVRNIIASI,0.178,Non-Hemolytic
Pep_534,ILDWSIYLF,0.49,Non-Hemolytic
Pep_535,ILDWSIYLFL,0.665,Hemolytic
Pep_536,ILENFNDNEL,0.185,Non-Hemolytic
Pep_537,ILENFNDNELTTYLK,0.19,Non-Hemolytic
Pep_538,ILENFNDNELTTYLKI,0.196,Non-Hemolytic
Pep_539,ILGLNKIVRMYSPVSI,0.265,Non-Hemolytic
Pep_540,ILHIYFIDAANTNIM,0.273,Non-Hemolytic
Pep_541,ILHSDYKSF,0.182,Non-Hemolytic
Pep_542,ILHSDYKSFEDAKAN,0.187,Non-Hemolytic
Pep_543,ILHSDYKSFEDAKANC,0.191,Non-Hemolytic
Pep_544,ILINHRFYI,0.224,Non-Hemolytic
Pep_545,ILINHRFYIDAEDSY,0.223,Non-Hemolytic
Pep_546,ILINHRFYIDAEDSYG,0.258,Non-Hemolytic
Pep_547,ILKCFDEIDIMKRCYI,0.203,Non-Hemolytic
Pep_548,ILLNNGSDVDKKDTYG,0.22,Non-Hemolytic
Pep_549,ILLSKRPSL,0.208,Non-Hemolytic
Pep_550,ILLSKRPSLKIMIPSM,0.209,Non-Hemolytic
Pep_551,IMDILLSKRPSLKIM,0.218,Non-Hemolytic
Pep_552,IMDILLSKRPSLKIMI,0.24,Non-Hemolytic
Pep_553,IMIFFLDRV,0.218,Non-Hemolytic
Pep_554,IMIFFLDRVLNINKN,0.245,Non-Hemolytic
Pep_555,IMIFFLDRVLNINKNR,0.274,Non-Hemolytic
Pep_556,IMIPSMIAI,0.258,Non-Hemolytic
Pep_557,IMIPSMIAITKHKQH,0.206,Non-Hemolytic
Pep_558,IMIVGGLIGL,0.586,Hemolytic
Pep_559,IMKRCYIKNKTVFQLV,0.24,Non-Hemolytic
Pep_560,INHRFYIDAEDSYGC,0.411,Non-Hemolytic
Pep_561,INHRFYIDAEDSYGCT,0.416,Non-Hemolytic
Pep_562,INIKEYVYQLVNNDH,0.215,Non-Hemolytic
Pep_563,INKNRGSFIHNLGLS,0.193,Non-Hemolytic
Pep_564,INKNRGSFIHNLGLSS,0.197,Non-Hemolytic
Pep_565,INTLMRYGRHPSFVKC,0.187,Non-Hemolytic
Pep_566,INYRTIYNETSIYDA,0.22,Non-Hemolytic
Pep_567,INYRTIYNETSIYDAV,0.196,Non-Hemolytic
Pep_568,IPMFSALSEGATPQD,0.19,Non-Hemolytic
Pep_569,IPRRIRQGL,0.195,Non-Hemolytic
Pep_570,IPRRIRQGLE,0.19,Non-Hemolytic
Pep_571,IPSMIAITKHKQHNA,0.202,Non-Hemolytic
Pep_572,IPTNVTCAI,0.181,Non-Hemolytic
Pep_573,IQEYNLVRKY,0.181,Non-Hemolytic
Pep_574,IQEYNLVRKYEKVDK,0.225,Non-Hemolytic
Pep_575,IQKLNIGECSAPPGQH,0.21,Non-Hemolytic
Pep_576,IRISMVISL,0.255,Non-Hemolytic
Pep_577,IRLMLENGRRTRHFLS,0.194,Non-Hemolytic
Pep_578,IRQGLERAL,0.193,Non-Hemolytic
Pep_579,IRQGPKEPF,0.226,Non-Hemolytic
Pep_580,IRQGPKEPFRDYVDR,0.259,Non-Hemolytic
Pep_581,IRQGPKEPFRDYVDRF,0.198,Non-Hemolytic
Pep_582,IRRNLALKY,0.186,Non-Hemolytic
Pep_583,IRYRQRLISL,0.191,Non-Hemolytic
Pep_584,IRYRQRLISLLSKKL,0.175,Non-Hemolytic
Pep_585,IRYRQRLISLLSKKLD,0.181,Non-Hemolytic
Pep_586,ISEAVANNNKIIMDI,0.196,Non-Hemolytic
Pep_587,ISFDPIPIHY,0.205,Non-Hemolytic
Pep_588,ISFDPIPIHYCTPAGY,0.211,Non-Hemolytic
Pep_589,ISILINHRF,0.182,Non-Hemolytic
Pep_590,ISILINHRFY,0.19,Non-Hemolytic
Pep_591,ISILINHRFYIDAED,0.234,Non-Hemolytic
Pep_592,ISILINHRFYIDAEDS,0.257,Non-Hemolytic
Pep_593,ISKGANVNARNRFGT,0.208,Non-Hemolytic
Pep_594,ISKGANVNARNRFGTT,0.209,Non-Hemolytic
Pep_595,ISLIKLYLESDTELE,0.249,Non-Hemolytic
Pep_596,ISLIKLYLESDTELEI,0.249,Non-Hemolytic
Pep_597,ISLLSKKLDAGDKWSC,0.186,Non-Hemolytic
Pep_598,ISLWDQSLKPCVKLTP,0.195,Non-Hemolytic
Pep_599,ITDSAVAVA,0.192,Non-Hemolytic
Pep_600,ITDSAVAVAAASSTH,0.187,Non-Hemolytic
Pep_601,ITDSAVAVAAASSTHR,0.202,Non-Hemolytic
Pep_602,ITKHKQHNA,0.258,Non-Hemolytic
Pep_603,ITKTTSDYQDSDVSQ,0.188,Non-Hemolytic
Pep_604,ITKTTSDYQDSDVSQE,0.187,Non-Hemolytic
Pep_605,ITRLCSNSSNSSTSHI,0.248,Non-Hemolytic
Pep_606,IVDFLSRWPNLFHILE,0.466,Non-Hemolytic
Pep_607,IVGGHQAAM,0.19,Non-Hemolytic
Pep_608,IVKSLNKIY,0.186,Non-Hemolytic
Pep_609,IVKSLNKIYVPPIIE,0.186,Non-Hemolytic
Pep_610,IVKSLNKIYVPPIIEN,0.192,Non-Hemolytic
Pep_611,IVNRVRQGY,0.189,Non-Hemolytic
Pep_612,IVNTGSAEANCGLQT,0.193,Non-Hemolytic
Pep_613,IVQQQSNLLRAIEAQ,0.183,Non-Hemolytic
Pep_614,IVRHLIIFDAVESLD,0.458,Non-Hemolytic
Pep_615,IVRMYSPVSILDIRQ,0.206,Non-Hemolytic
Pep_616,IVRMYSPVSILDIRQG,0.225,Non-Hemolytic
Pep_617,IYDAVSYNA,0.22,Non-Hemolytic
Pep_618,IYDAVSYNAY,0.243,Non-Hemolytic
Pep_619,IYDAVSYNAYNTLVY,0.267,Non-Hemolytic
Pep_620,IYISILINHRFYIDA,0.608,Hemolytic
Pep_621,IYISILINHRFYIDAE,0.578,Hemolytic
Pep_622,IYKRWIILGL,0.649,Hemolytic
Pep_623,IYKRWIILGLNKIVR,0.457,Non-Hemolytic
Pep_624,IYNYRKSESESYNEL,0.197,Non-Hemolytic
Pep_625,IYNYRKSESESYNELI,0.199,Non-Hemolytic
Pep_626,IYVPPIIENRLPYYD,0.187,Non-Hemolytic
Pep_627,IYVPPIIENRLPYYDP,0.187,Non-Hemolytic
Pep_628,KANCAAESSTLPNKSD,0.189,Non-Hemolytic
Pep_629,KARVLAEAM,0.198,Non-Hemolytic
Pep_630,KCFDEIDIMKRCYIK,0.184,Non-Hemolytic
Pep_631,KCFDEIDIMKRCYIKN,0.191,Non-Hemolytic
Pep_632,KCGKEGHQMKDCTERQ,0.545,Non-Hemolytic
Pep_633,KCNILDVYGSHVRNI,0.244,Non-Hemolytic
Pep_634,KCNILDVYGSHVRNII,0.212,Non-Hemolytic
Pep_635,KDINTLMRY,0.184,Non-Hemolytic
Pep_636,KDINTLMRYGRHPSF,0.191,Non-Hemolytic
Pep_637,KDINTLMRYGRHPSFV,0.173,Non-Hemolytic
Pep_638,KDNWRSELY,0.184,Non-Hemolytic
Pep_639,KDRRAIAEEIGIDLD,0.195,Non-Hemolytic
Pep_640,KDRRAIAEEIGIDLDD,0.201,Non-Hemolytic
Pep_641,KDTYGNTPFILLCKH,0.191,Non-Hemolytic
Pep_642,KEFKTLYNL,0.18,Non-Hemolytic
Pep_643,KEFKTLYNLF,0.181,Non-Hemolytic
Pep_644,KEFKTLYNLFIDSYL,0.44,Non-Hemolytic
Pep_645,KEFKTLYNLFIDSYLQ,0.402,Non-Hemolytic
Pep_646,KEILDWSIY,0.193,Non-Hemolytic
Pep_647,KEILDWSIYL,0.202,Non-Hemolytic
Pep_648,KEILDWSIYLFLHYI,0.68,Hemolytic
Pep_649,KEPFRDYVDRFYKTL,0.177,Non-Hemolytic
Pep_650,KEPFRDYVDRFYKTLR,0.179,Non-Hemolytic
Pep_651,KESCNGLYY,0.181,Non-Hemolytic
Pep_652,KEYVYQLVNNDHLDN,0.231,Non-Hemolytic
Pep_653,KGANVNARNRFGTTP,0.242,Non-Hemolytic
Pep_654,KGANVNARNRFGTTPF,0.196,Non-Hemolytic
Pep_655,KGCWKCGKEGHQMKDC,0.578,Hemolytic
Pep_656,KHDIDNAEL,0.185,Non-Hemolytic
Pep_657,KHDIDNAELF,0.174,Non-Hemolytic
Pep_658,KHLVWASRELERFAL,0.173,Non-Hemolytic
Pep_659,KIIMDILLSKRPSLK,0.195,Non-Hemolytic
Pep_660,KIIMDILLSKRPSLKI,0.204,Non-Hemolytic
Pep_661,KILENFNDNELTTYL,0.19,Non-Hemolytic
Pep_662,KILENFNDNELTTYLK,0.191,Non-Hemolytic
Pep_663,KILLNNGSDVDKKDTY,0.206,Non-Hemolytic
Pep_664,KIMIPSMIAITKHKQ,0.187,Non-Hemolytic
Pep_665,KIQGKNKRKRVIGLCI,0.181,Non-Hemolytic
Pep_666,KISFDPIPIHYCTPA,0.204,Non-Hemolytic
Pep_667,KISFDPIPIHYCTPAG,0.212,Non-Hemolytic
Pep_668,KIVRMYSPVSILDIR,0.201,Non-Hemolytic
Pep_669,KIVRMYSPVSILDIRQ,0.187,Non-Hemolytic
Pep_670,KIYVPPIIENRLPYY,0.194,Non-Hemolytic
Pep_671,KIYVPPIIENRLPYYD,0.192,Non-Hemolytic
Pep_672,KKDTYGNTPFILLCK,0.212,Non-Hemolytic
Pep_673,KKDTYGNTPFILLCKH,0.229,Non-Hemolytic
Pep_674,KKEILDWSIYLFLHY,0.628,Hemolytic
Pep_675,KKGCWKCGKEGHQMKD,0.448,Non-Hemolytic
Pep_676,KKLDAGDKWSCFPNEI,0.186,Non-Hemolytic
Pep_677,KLAQHSIPTNVTCAIH,0.182,Non-Hemolytic
Pep_678,KLDAGDKWSCFPNEIK,0.184,Non-Hemolytic
Pep_679,KLDAWEKIRL,0.178,Non-Hemolytic
Pep_680,KLDAWEKIRLRPGGK,0.18,Non-Hemolytic
Pep_681,KLDAWEKIRLRPGGKK,0.179,Non-Hemolytic
Pep_682,KLEKNCNAY,0.18,Non-Hemolytic
Pep_683,KLEKNCNAYAEVNNII,0.177,Non-Hemolytic
Pep_684,KLLISKGANVNARNR,0.227,Non-Hemolytic
Pep_685,KLLISKGANVNARNRF,0.234,Non-Hemolytic
Pep_686,KLNIGECSAPPGQHML,0.178,Non-Hemolytic
Pep_687,KLTPLCVTL,0.193,Non-Hemolytic
Pep_688,KLYLESDTEL,0.18,Non-Hemolytic
Pep_689,KLYLESDTELEIDNE,0.201,Non-Hemolytic
Pep_690,KLYLESDTELEIDNEH,0.203,Non-Hemolytic
Pep_691,KMCIKYTACMTDYDT,0.303,Non-Hemolytic
Pep_692,KMCIKYTACMTDYDTL,0.309,Non-Hemolytic
Pep_693,KNCNAYAEVNNIIDI,0.179,Non-Hemolytic
Pep_694,KNCNAYAEVNNIIDIQ,0.178,Non-Hemolytic
Pep_695,KNKRKRVIGLCIRIS,0.194,Non-Hemolytic
Pep_696,KNRGSFIHNLGLSSIN,0.202,Non-Hemolytic
Pep_697,KNWMTETLLVQNANP,0.224,Non-Hemolytic
Pep_698,KNWMTETLLVQNANPD,0.236,Non-Hemolytic
Pep_699,KPCVKLTPL,0.179,Non-Hemolytic
Pep_700,KPVVSTQLL,0.198,Non-Hemolytic
Pep_701,KPVVSTQLLL,0.187,Non-Hemolytic
Pep_702,KPVVSTQLLLNGSLA,0.212,Non-Hemolytic
Pep_703,KQACPKISF,0.186,Non-Hemolytic
Pep_704,KQACPKISFDPIPIHY,0.189,Non-Hemolytic
Pep_705,KRCYIKNKTVFQLVFC,0.411,Non-Hemolytic
Pep_706,KRKRVIGLCIRISMV,0.298,Non-Hemolytic
Pep_707,KRPSLKIMI,0.217,Non-Hemolytic
Pep_708,KRPSLKIMIPSMIAI,0.397,Non-Hemolytic
Pep_709,KRPSLKIMIPSMIAIT,0.497,Non-Hemolytic
Pep_710,KRWIILGLNKIVRMY,0.656,Hemolytic
Pep_711,KRWIILGLNKIVRMYS,0.661,Hemolytic
Pep_712,KSDVLTTWL,0.198,Non-Hemolytic
Pep_713,KSDVLTTWLIDYVED,0.185,Non-Hemolytic
Pep_714,KSDVLTTWLIDYVEDT,0.184,Non-Hemolytic
Pep_715,KSESESYNEL,0.184,Non-Hemolytic
Pep_716,KSESESYNELIKILLN,0.193,Non-Hemolytic
Pep_717,KSFEDAKANCAAESST,0.183,Non-Hemolytic
Pep_718,KSLNKIYVPPIIENR,0.183,Non-Hemolytic
Pep_719,KSLNKIYVPPIIENRL,0.181,Non-Hemolytic
Pep_720,KTIVDFLSRWPNLFHI,0.289,Non-Hemolytic
Pep_721,KTLYNLFIDSYLQKL,0.241,Non-Hemolytic
Pep_722,KTLYNLFIDSYLQKLA,0.303,Non-Hemolytic
Pep_723,KTTSDYQDSDVSQEV,0.189,Non-Hemolytic
Pep_724,KTTSDYQDSDVSQEVR,0.191,Non-Hemolytic
Pep_725,KVASSTTQY,0.202,Non-Hemolytic
Pep_726,KVASSTTQYDHKESCN,0.196,Non-Hemolytic
Pep_727,KVDKTIVDF,0.194,Non-Hemolytic
Pep_728,KVDKTIVDFLSRWPN,0.182,Non-Hemolytic
Pep_729,KVVEEKGFNPEVIPM,0.18,Non-Hemolytic
Pep_730,KVVEEKGFNPEVIPMF,0.179,Non-Hemolytic
Pep_731,KWSCFPNEI,0.177,Non-Hemolytic
Pep_732,KWYILKCFDEIDIMK,0.341,Non-Hemolytic
Pep_733,KYDFVKLLI,0.194,Non-Hemolytic
Pep_734,KYDFVKLLISKGANV,0.207,Non-Hemolytic
Pep_735,KYEKVDKTI,0.18,Non-Hemolytic
Pep_736,KYKILENFNDNELTT,0.213,Non-Hemolytic
Pep_737,KYKILENFNDNELTTY,0.22,Non-Hemolytic
Pep_738,KYRYGTFLY,0.19,Non-Hemolytic
Pep_739,KYTACMTDYDTLIDVQ,0.192,Non-Hemolytic
Pep_740,LAQHSIPTNVTCAIHI,0.177,Non-Hemolytic
Pep_741,LCSNSSNSSTSHIIQE,0.187,Non-Hemolytic
Pep_742,LDAGDKWSCFPNEIKY,0.191,Non-Hemolytic
Pep_743,LDAWEKIRLRPGGKK,0.188,Non-Hemolytic
Pep_744,LDAWEKIRLRPGGKKK,0.197,Non-Hemolytic
Pep_745,LDDVPSVVSKLEKNCN,0.196,Non-Hemolytic
Pep_746,LDIRQGPKEPFRDYV,0.202,Non-Hemolytic
Pep_747,LDIRQGPKEPFRDYVD,0.203,Non-Hemolytic
Pep_748,LDNSIRLMLENGRRT,0.211,Non-Hemolytic
Pep_749,LDNSIRLMLENGRRTR,0.21,Non-Hemolytic
Pep_750,LDRVLNINKNRGSFI,0.19,Non-Hemolytic
Pep_751,LDRVLNINKNRGSFIH,0.184,Non-Hemolytic
Pep_752,LDTVNIYISILINHR,0.223,Non-Hemolytic
Pep_753,LDVYGSHVRNIIASI,0.176,Non-Hemolytic
Pep_754,LDVYGSHVRNIIASIR,0.182,Non-Hemolytic
Pep_755,LDYLLSRGVIDINYR,0.19,Non-Hemolytic
Pep_756,LDYLLSRGVIDINYRT,0.186,Non-Hemolytic
Pep_757,LEIDNEHIV,0.177,Non-Hemolytic
Pep_758,LEKNCNAYAEVNNII,0.182,Non-Hemolytic
Pep_759,LEKNCNAYAEVNNIID,0.179,Non-Hemolytic
Pep_760,LENANIDSV,0.191,Non-Hemolytic
Pep_761,LENANIDSVDFNGYT,0.224,Non-Hemolytic
Pep_762,LENANIDSVDFNGYTP,0.208,Non-Hemolytic
Pep_763,LENFNDNEL,0.177,Non-Hemolytic
Pep_764,LENFNDNELTTYLKIL,0.187,Non-Hemolytic
Pep_765,LERFALNPGL,0.186,Non-Hemolytic
Pep_766,LESDTELEI,0.19,Non-Hemolytic
Pep_767,LESDTELEIDNEHIV,0.184,Non-Hemolytic
Pep_768,LESDTELEIDNEHIVR,0.188,Non-Hemolytic
Pep_769,LEYGENILHI,0.17,Non-Hemolytic
Pep_770,LEYGENILHIYFIDA,0.328,Non-Hemolytic
Pep_771,LFEICLENANIDSVD,0.226,Non-Hemolytic
Pep_772,LFEICLENANIDSVDF,0.221,Non-Hemolytic
Pep_773,LFHILEYGENILHIY,0.233,Non-Hemolytic
Pep_774,LFHILEYGENILHIYF,0.358,Non-Hemolytic
Pep_775,LFIDSYLQKL,0.186,Non-Hemolytic
Pep_776,LFIDSYLQKLAQHSI,0.187,Non-Hemolytic
Pep_777,LFIDSYLQKLAQHSIP,0.184,Non-Hemolytic
Pep_778,LFLHYITRL,0.327,Non-Hemolytic
Pep_779,LGAAGSTMGAASITL,0.196,Non-Hemolytic
Pep_780,LGLNKIVRM,0.178,Non-Hemolytic
Pep_781,LGLNKIVRMYSPVSI,0.237,Non-Hemolytic
Pep_782,LGLNKIVRMYSPVSIL,0.397,Non-Hemolytic
Pep_783,LGLSSINIKEYVYQL,0.185,Non-Hemolytic
Pep_784,LHIYFIDAANTNIMI,0.292,Non-Hemolytic
Pep_785,LHQYKWYILKCFDEI,0.446,Non-Hemolytic
Pep_786,LHRCIYNYRKSESES,0.214,Non-Hemolytic
Pep_787,LHRCIYNYRKSESESY,0.196,Non-Hemolytic
Pep_788,LHSDYKSFEDAKANC,0.193,Non-Hemolytic
Pep_789,LHSDYKSFEDAKANCA,0.192,Non-Hemolytic
Pep_790,LHYITRLCSNSSNSST,0.196,Non-Hemolytic
Pep_791,LHYVSCRNKYDFVKL,0.184,Non-Hemolytic
Pep_792,LIDVQSLHQY,0.202,Non-Hemolytic
Pep_793,LIDYVEDTWGSDGNP,0.258,Non-Hemolytic
Pep_794,LIDYVEDTWGSDGNPI,0.24,Non-Hemolytic
Pep_795,LIKILLNNGSDVDKK,0.472,Non-Hemolytic
Pep_796,LIKILLNNGSDVDKKD,0.542,Non-Hemolytic
Pep_797,LIKLYLESDTELEID,0.34,Non-Hemolytic
Pep_798,LIKLYLESDTELEIDN,0.343,Non-Hemolytic
Pep_799,LINHRFYIDAEDSYG,0.301,Non-Hemolytic
Pep_800,LINHRFYIDAEDSYGC,0.429,Non-Hemolytic
Pep_801,LISKGANVNARNRFG,0.224,Non-Hemolytic
Pep_802,LISKGANVNARNRFGT,0.245,Non-Hemolytic
Pep_803,LISLLSKKLDAGDKWS,0.19,Non-Hemolytic
Pep_804,LKCFDEIDIMKRCYIK,0.191,Non-Hemolytic
Pep_805,LKIMIPSMIAITKHK,0.234,Non-Hemolytic
Pep_806,LKIMIPSMIAITKHKQ,0.221,Non-Hemolytic
Pep_807,LKMCIKYTACMTDYDT,0.321,Non-Hemolytic
Pep_808,LLHRCIYNY,0.222,Non-Hemolytic
Pep_809,LLHRCIYNYRKSESES,0.202,Non-Hemolytic
Pep_810,LLISKGANV,0.191,Non-Hemolytic
Pep_811,LLISKGANVNARNRF,0.214,Non-Hemolytic
Pep_812,LLISKGANVNARNRFG,0.236,Non-Hemolytic
Pep_813,LLKMCIKYTACMTDYD,0.472,Non-Hemolytic
Pep_814,LLNNGSDVDKKDTYGN,0.241,Non-Hemolytic
Pep_815,LLNRNGDFETITTSGC,0.183,Non-Hemolytic
Pep_816,LLQIVNTGSAEANCG,0.21,Non-Hemolytic
Pep_817,LLSGIVQQQSNLLRA,0.19,Non-Hemolytic
Pep_818,LLSKKLDAGDKWSCFP,0.197,Non-Hemolytic
Pep_819,LLSKRPSLKIMIPSMI,0.216,Non-Hemolytic
Pep_820,LLSMITMSA,0.283,Non-Hemolytic
Pep_821,LLSMITMSAFLIVRL,0.75,Hemolytic
Pep_822,LLSRGVIDINYRTIY,0.208,Non-Hemolytic
Pep_823,LLSRGVIDINYRTIYN,0.203,Non-Hemolytic
Pep_824,LMLENGRRTRHFLSYI,0.193,Non-Hemolytic
Pep_825,LMRYGRHPSF,0.181,Non-Hemolytic
Pep_826,LMRYGRHPSFVKCNIL,0.183,Non-Hemolytic
Pep_827,LMVESFIEV,0.179,Non-Hemolytic
Pep_828,LNAWVKVVEEKGFNP,0.183,Non-Hemolytic
Pep_829,LNAWVKVVEEKGFNPE,0.181,Non-Hemolytic
Pep_830,LNIGECSAPPGQHMLL,0.181,Non-Hemolytic
Pep_831,LNINKNRGSFIHNLG,0.199,Non-Hemolytic
Pep_832,LNINKNRGSFIHNLGL,0.192,Non-Hemolytic
Pep_833,LNKIVRMYSPVSILD,0.208,Non-Hemolytic
Pep_834,LNKIVRMYSPVSILDI,0.217,Non-Hemolytic
Pep_835,LNKIYVPPIIENRLP,0.19,Non-Hemolytic
Pep_836,LNKIYVPPIIENRLPY,0.19,Non-Hemolytic
Pep_837,LNMMLNIVGGHQAAM,0.204,Non-Hemolytic
Pep_838,LNNGSDVDKKDTYGN,0.203,Non-Hemolytic
Pep_839,LNNGSDVDKKDTYGNT,0.218,Non-Hemolytic
Pep_840,LNQCMSANEAAITDSA,0.204,Non-Hemolytic
Pep_841,LNRNGDFETITTSGCT,0.181,Non-Hemolytic
Pep_842,LPNKSDVLTTWLIDYV,0.196,Non-Hemolytic
Pep_843,LPYYDPWFL,0.198,Non-Hemolytic
Pep_844,LQIVNTGSAEANCGL,0.207,Non-Hemolytic
Pep_845,LQKLAQHSI,0.19,Non-Hemolytic
Pep_846,LQKLAQHSIPTNVTCA,0.189,Non-Hemolytic
Pep_847,LQLTVWGIKQLQARV,0.175,Non-Hemolytic
Pep_848,LQLTVWGIKQLQARVL,0.192,Non-Hemolytic
Pep_849,LQTIVKSLNKIYVPP,0.186,Non-Hemolytic
Pep_850,LQTIVKSLNKIYVPPI,0.187,Non-Hemolytic
Pep_851,LRPGGKKKY,0.241,Non-Hemolytic
Pep_852,LSFTLMVESFIEVIS,0.234,Non-Hemolytic
Pep_853,LSGIVQQQSNLLRAI,0.187,Non-Hemolytic
Pep_854,LSKKLDAGDKWSCFPN,0.191,Non-Hemolytic
Pep_855,LSKRPSLKIMIPSMIA,0.23,Non-Hemolytic
Pep_856,LSMITMSAF,0.198,Non-Hemolytic
Pep_857,LSMITMSAFLIVRLN,0.728,Hemolytic
Pep_858,LSRGVIDINYRTIYN,0.203,Non-Hemolytic
Pep_859,LSRGVIDINYRTIYNE,0.206,Non-Hemolytic
Pep_860,LSRWPNLFHILEYGEN,0.269,Non-Hemolytic
Pep_861,LSSINIKEY,0.185,Non-Hemolytic
Pep_862,LSSINIKEYVYQLVN,0.194,Non-Hemolytic
Pep_863,LTTWLIDYVEDTWGS,0.407,Non-Hemolytic
Pep_864,LTTWLIDYVEDTWGSD,0.422,Non-Hemolytic
Pep_865,LTVWGIKQLQARVLA,0.198,Non-Hemolytic
Pep_866,LTVWGIKQLQARVLAV,0.207,Non-Hemolytic
Pep_867,LVNNDHLDNSIRLMLE,0.198,Non-Hemolytic
Pep_868,LVRKYEKVDKTIVDF,0.18,Non-Hemolytic
Pep_869,LVWASRELERFALNP,0.181,Non-Hemolytic
Pep_870,LVYLLNRNGDFETITT,0.2,Non-Hemolytic
Pep_871,LWDQSLKPCVKLTPLC,0.223,Non-Hemolytic
Pep_872,LYLESDTEL,0.193,Non-Hemolytic
Pep_873,LYLESDTELEIDNEH,0.214,Non-Hemolytic
Pep_874,LYLESDTELEIDNEHI,0.219,Non-Hemolytic
Pep_875,LYNLFIDSY,0.209,Non-Hemolytic
Pep_876,LYNLFIDSYLQKLAQ,0.269,Non-Hemolytic
Pep_877,LYNLFIDSYLQKLAQH,0.264,Non-Hemolytic
Pep_878,LYYQGSCYI,0.183,Non-Hemolytic
Pep_879,LYYQGSCYIL,0.199,Non-Hemolytic
Pep_880,LYYQGSCYILHSDYKS,0.271,Non-Hemolytic
Pep_881,MAETKEFKTL,0.231,Non-Hemolytic
Pep_882,MCIKYTACMTDYDTL,0.488,Non-Hemolytic
Pep_883,MCIKYTACMTDYDTLI,0.433,Non-Hemolytic
Pep_884,MDFFKKEIL,0.218,Non-Hemolytic
Pep_885,MDILLSKRPSLKIMI,0.363,Non-Hemolytic
Pep_886,MDILLSKRPSLKIMIP,0.281,Non-Hemolytic
Pep_887,MIAITKHKQHNADLL,0.237,Non-Hemolytic
Pep_888,MIFFLDRVLNINKNR,0.291,Non-Hemolytic
Pep_889,MIFFLDRVLNINKNRG,0.422,Non-Hemolytic
Pep_890,MIFGFLGAAGSTMGA,0.7,Hemolytic
Pep_891,MIPSMIAITKHKQHN,0.352,Non-Hemolytic
Pep_892,MIVGGLIGL,0.457,Non-Hemolytic
Pep_893,MKRCYIKNKTVFQLVF,0.483,Non-Hemolytic
Pep_894,MLLQIVNTGSAEANC,0.515,Non-Hemolytic
Pep_895,MLQLTVWGI,0.432,Non-Hemolytic
Pep_896,MMTACQGVGGPSHKAR,0.287,Non-Hemolytic
Pep_897,MMTPENDEEQTSVFSA,0.248,Non-Hemolytic
Pep_898,MQEDVISLW,0.298,Non-Hemolytic
Pep_899,MQEDVISLWDQSLKP,0.257,Non-Hemolytic
Pep_900,MRYGRHPSF,0.247,Non-Hemolytic
Pep_901,MRYGRHPSFV,0.208,Non-Hemolytic
Pep_902,MRYGRHPSFVKCNIL,0.207,Non-Hemolytic
Pep_903,MRYGRHPSFVKCNILD,0.207,Non-Hemolytic
Pep_904,MSANEAAITDSAVAV,0.245,Non-Hemolytic
Pep_905,MSANEAAITDSAVAVA,0.315,Non-Hemolytic
Pep_906,MTACQGVGGPSHKARV,0.429,Non-Hemolytic
Pep_907,MTDYDTLIDVQSLHQ,0.34,Non-Hemolytic
Pep_908,MTDYDTLIDVQSLHQY,0.394,Non-Hemolytic
Pep_909,MTETLLVQNANPDCK,0.5,Non-Hemolytic
Pep_910,MTETLLVQNANPDCKS,0.527,Non-Hemolytic
Pep_911,MTPENDEEQTSVFSAT,0.222,Non-Hemolytic
Pep_912,MYSPVSILDI,0.281,Non-Hemolytic
Pep_913,MYSPVSILDIRQGPK,0.33,Non-Hemolytic
Pep_914,MYSPVSILDIRQGPKE,0.363,Non-Hemolytic
Pep_915,NADLLKMCIKYTACMT,0.216,Non-Hemolytic
Pep_916,NANIDSVDFNGYTPL,0.199,Non-Hemolytic
Pep_917,NANIDSVDFNGYTPLH,0.198,Non-Hemolytic
Pep_918,NARNRFGTTPFYCGI,0.198,Non-Hemolytic
Pep_919,NARNRFGTTPFYCGII,0.193,Non-Hemolytic
Pep_920,NAWVKVVEEKGFNPE,0.181,Non-Hemolytic
Pep_921,NAWVKVVEEKGFNPEV,0.18,Non-Hemolytic
Pep_922,NAYAEVNNIIDIQKL,0.18,Non-Hemolytic
Pep_923,NAYAEVNNIIDIQKLN,0.178,Non-Hemolytic
Pep_924,NAYNTLVYL,0.285,Non-Hemolytic
Pep_925,NAYNTLVYLL,0.49,Non-Hemolytic
Pep_926,NAYNTLVYLLNRNGD,0.36,Non-Hemolytic
Pep_927,NCAAESSTLPNKSDVL,0.182,Non-Hemolytic
Pep_928,NCALRITNKCMSNSR,0.181,Non-Hemolytic
Pep_929,NCNAYAEVNNIIDIQ,0.185,Non-Hemolytic
Pep_930,NCNAYAEVNNIIDIQK,0.182,Non-Hemolytic
Pep_931,NCRAPRKKGCWKCGKE,0.253,Non-Hemolytic
Pep_932,NDEEQTSVFSATVYG,0.198,Non-Hemolytic
Pep_933,NDEEQTSVFSATVYGD,0.199,Non-Hemolytic
Pep_934,NDHLDNSIRLMLENG,0.184,Non-Hemolytic
Pep_935,NDHLDNSIRLMLENGR,0.186,Non-Hemolytic
Pep_936,NDNELTTYL,0.182,Non-Hemolytic
Pep_937,NEAAITDSAVAVAAA,0.197,Non-Hemolytic
Pep_938,NEAAITDSAVAVAAAS,0.192,Non-Hemolytic
Pep_939,NEHIVRHLI,0.178,Non-Hemolytic
Pep_940,NEHIVRHLIIFDAVE,0.23,Non-Hemolytic
Pep_941,NEIKYKILENFNDNE,0.196,Non-Hemolytic
Pep_942,NEIKYKILENFNDNEL,0.196,Non-Hemolytic
Pep_943,NELIKILLNNGSDVD,0.317,Non-Hemolytic
Pep_944,NELTTYLKI,0.182,Non-Hemolytic
Pep_945,NELTTYLKIL,0.177,Non-Hemolytic
Pep_946,NETSIYDAV,0.192,Non-Hemolytic
Pep_947,NETSIYDAVSYNAYN,0.21,Non-Hemolytic
Pep_948,NFNDNELTTY,0.186,Non-Hemolytic
Pep_949,NGDFETITTSGCTCI,0.195,Non-Hemolytic
Pep_950,NGDFETITTSGCTCIS,0.188,Non-Hemolytic
Pep_951,NGLYYQGSCY,0.189,Non-Hemolytic
Pep_952,NGLYYQGSCYILHSD,0.384,Non-Hemolytic
Pep_953,NGRRTRHFL,0.212,Non-Hemolytic
Pep_954,NGRRTRHFLSYILDT,0.214,Non-Hemolytic
Pep_955,NGSDVDKKDTYGNTPF,0.189,Non-Hemolytic
Pep_956,NGYTPLHYV,0.186,Non-Hemolytic
Pep_957,NGYTPLHYVSCRNKY,0.222,Non-Hemolytic
Pep_958,NHRFYIDAEDSYGCT,0.485,Non-Hemolytic
Pep_959,NHRFYIDAEDSYGCTL,0.443,Non-Hemolytic
Pep_960,NIDSVDFNGY,0.199,Non-Hemolytic
Pep_961,NIDSVDFNGYTPLHY,0.232,Non-Hemolytic
Pep_962,NIDSVDFNGYTPLHYV,0.26,Non-Hemolytic
Pep_963,NIGECSAPPGQHMLLQ,0.179,Non-Hemolytic
Pep_964,NIIASIRYRQRLISLL,0.215,Non-Hemolytic
Pep_965,NIIDIQKLNIGECSAP,0.185,Non-Hemolytic
Pep_966,NIKEYVYQL,0.18,Non-Hemolytic
Pep_967,NIKEYVYQLVNNDHL,0.214,Non-Hemolytic
Pep_968,NILDVYGSHVRNIIA,0.182,Non-Hemolytic
Pep_969,NILDVYGSHVRNIIAS,0.18,Non-Hemolytic
Pep_970,NILHIYFIDAANTNI,0.295,Non-Hemolytic
Pep_971,NIMIFFLDRVLNINK,0.21,Non-Hemolytic
Pep_972,NIMIFFLDRVLNINKN,0.221,Non-Hemolytic
Pep_973,NINKNRGSF,0.216,Non-Hemolytic
Pep_974,NINKNRGSFIHNLGL,0.192,Non-Hemolytic
Pep_975,NINKNRGSFIHNLGLS,0.191,Non-Hemolytic
Pep_976,NIYISILINHRFYID,0.364,Non-Hemolytic
Pep_977,NKIIMDILLSKRPSL,0.193,Non-Hemolytic
Pep_978,NKIVRMYSPVSILDI,0.203,Non-Hemolytic
Pep_979,NKIVRMYSPVSILDIR,0.198,Non-Hemolytic
Pep_980,NKIYVPPIIENRLPY,0.191,Non-Hemolytic
Pep_981,NKIYVPPIIENRLPYY,0.198,Non-Hemolytic
Pep_982,NKNRGSFIHNLGLSS,0.194,Non-Hemolytic
Pep_983,NKNRGSFIHNLGLSSI,0.197,Non-Hemolytic
Pep_984,NKRKRVIGL,0.306,Non-Hemolytic
Pep_985,NKRKRVIGLCIRISM,0.213,Non-Hemolytic
Pep_986,NKSDVLTTW,0.182,Non-Hemolytic
Pep_987,NKSDVLTTWLIDYVE,0.194,Non-Hemolytic
Pep_988,NKSDVLTTWLIDYVED,0.186,Non-Hemolytic
Pep_989,NKTVFQLVF,0.189,Non-Hemolytic
Pep_990,NKYDFVKLL,0.179,Non-Hemolytic
Pep_991,NKYDFVKLLISKGAN,0.265,Non-Hemolytic
Pep_992,NLFHILEYGENILHI,0.243,Non-Hemolytic
Pep_993,NLFHILEYGENILHIY,0.355,Non-Hemolytic
Pep_994,NLFIDSYLQKLAQHS,0.19,Non-Hemolytic
Pep_995,NLFIDSYLQKLAQHSI,0.192,Non-Hemolytic
Pep_996,NLGLSSINIKEYVYQ,0.184,Non-Hemolytic
Pep_997,NLVRKYEKV,0.192,Non-Hemolytic
Pep_998,NLVRKYEKVDKTIVD,0.177,Non-Hemolytic
Pep_999,NMMLNIVGGHQAAMQ,0.192,Non-Hemolytic
Pep_1000,NNDHLDNSIRLMLEN,0.19,Non-Hemolytic
Pep_1001,NNDHLDNSIRLMLENG,0.188,Non-Hemolytic
Pep_1002,NNGSDVDKKDTYGNT,0.207,Non-Hemolytic
Pep_1003,NNGSDVDKKDTYGNTP,0.197,Non-Hemolytic
Pep_1004,NNIIDIQKLNIGECS,0.194,Non-Hemolytic
Pep_1005,NNIIDIQKLNIGECSA,0.197,Non-Hemolytic
Pep_1006,NNKIIMDILLSKRPS,0.198,Non-Hemolytic
Pep_1007,NNNKIIMDILLSKRP,0.198,Non-Hemolytic
Pep_1008,NPEVIPMFSALSEGA,0.173,Non-Hemolytic
Pep_1009,NPITKTTSDY,0.453,Non-Hemolytic
Pep_1010,NPITKTTSDYQDSDV,0.29,Non-Hemolytic
Pep_1011,NPITKTTSDYQDSDVS,0.272,Non-Hemolytic
Pep_1012,NPPIPVGDIY,0.195,Non-Hemolytic
Pep_1013,NQCMSANEAAITDSAV,0.221,Non-Hemolytic
Pep_1014,NRFGTTPFY,0.177,Non-Hemolytic
Pep_1015,NRGSFIHNL,0.184,Non-Hemolytic
Pep_1016,NRLPYYDPWFLVGVA,0.533,Non-Hemolytic
Pep_1017,NRNGDFETI,0.192,Non-Hemolytic
Pep_1018,NRNGDFETITTSGCT,0.182,Non-Hemolytic
Pep_1019,NRNGDFETITTSGCTC,0.226,Non-Hemolytic
Pep_1020,NSIRLMLENGRRTRH,0.193,Non-Hemolytic
Pep_1021,NSIRLMLENGRRTRHF,0.192,Non-Hemolytic
Pep_1022,NSSNSSTSHIIQEYN,0.261,Non-Hemolytic
Pep_1023,NSSNSSTSHIIQEYNL,0.225,Non-Hemolytic
Pep_1024,NSSTSHIIQEYNLVR,0.204,Non-Hemolytic
Pep_1025,NSSTSHIIQEYNLVRK,0.208,Non-Hemolytic
Pep_1026,NTLMRYGRHPSFVKCN,0.175,Non-Hemolytic
Pep_1027,NTLVYLLNRNGDFET,0.208,Non-Hemolytic
Pep_1028,NTLVYLLNRNGDFETI,0.197,Non-Hemolytic
Pep_1029,NTNIMIFFLDRVLNI,0.23,Non-Hemolytic
Pep_1030,NTPFILLCKHDIDNA,0.188,Non-Hemolytic
Pep_1031,NVNARNRFGTTPFYCG,0.188,Non-Hemolytic
Pep_1032,NVWATHACVPTDPNP,0.31,Non-Hemolytic
Pep_1033,NWMTETLLV,0.178,Non-Hemolytic
Pep_1034,NWMTETLLVQNANPD,0.237,Non-Hemolytic
Pep_1035,NWMTETLLVQNANPDC,0.319,Non-Hemolytic
Pep_1036,NYPIVQNAQGQMVHQ,0.189,Non-Hemolytic
Pep_1037,NYRKSESESYNELIK,0.189,Non-Hemolytic
Pep_1038,NYRKSESESYNELIKI,0.188,Non-Hemolytic
Pep_1039,NYRTIYNETSIYDAV,0.206,Non-Hemolytic
Pep_1040,NYRTIYNETSIYDAVS,0.197,Non-Hemolytic
Pep_1041,PENDEEQTSVFSATV,0.186,Non-Hemolytic
Pep_1042,PENDEEQTSVFSATVY,0.197,Non-Hemolytic
Pep_1043,PEVIPMFSALSEGAT,0.176,Non-Hemolytic
Pep_1044,PFRDYVDRF,0.186,Non-Hemolytic
Pep_1045,PFRDYVDRFYKTLRA,0.188,Non-Hemolytic
Pep_1046,PFRDYVDRFYKTLRAE,0.192,Non-Hemolytic
Pep_1047,PGQHMLLQIVNTGSA,0.198,Non-Hemolytic
Pep_1048,PIIENRLPY,0.183,Non-Hemolytic
Pep_1049,PIIENRLPYYDPWFLV,0.333,Non-Hemolytic
Pep_1050,PIPIHYCTPAGYAIL,0.207,Non-Hemolytic
Pep_1051,PITKTTSDYQDSDVS,0.203,Non-Hemolytic
Pep_1052,PITKTTSDYQDSDVSQ,0.186,Non-Hemolytic
Pep_1053,PKEPFRDYVDRFYKT,0.183,Non-Hemolytic
Pep_1054,PKEPFRDYVDRFYKTL,0.182,Non-Hemolytic
Pep_1055,PKISFDPIPIHYCTP,0.216,Non-Hemolytic
Pep_1056,PKISFDPIPIHYCTPA,0.215,Non-Hemolytic
Pep_1057,PLHYVSCRNKYDFVK,0.182,Non-Hemolytic
Pep_1058,PNEIKYKILENFNDN,0.19,Non-Hemolytic
Pep_1059,PNKSDVLTTWLIDYV,0.217,Non-Hemolytic
Pep_1060,PNKSDVLTTWLIDYVE,0.193,Non-Hemolytic
Pep_1061,PNLFHILEYGENILH,0.213,Non-Hemolytic
Pep_1062,PNLFHILEYGENILHI,0.205,Non-Hemolytic
Pep_1063,PPIIENRLPYYDPWF,0.207,Non-Hemolytic
Pep_1064,PPIIENRLPYYDPWFL,0.208,Non-Hemolytic
Pep_1065,PPIPVGDIY,0.197,Non-Hemolytic
Pep_1066,PQDLNMMLNIVGGHQ,0.187,Non-Hemolytic
Pep_1067,PRGSDIAGTTSTLQE,0.198,Non-Hemolytic
Pep_1068,PRGSDIAGTTSTLQEQ,0.198,Non-Hemolytic
Pep_1069,PRKKGCWKCGKEGHQM,0.417,Non-Hemolytic
Pep_1070,PRTLNAWVKVVEEKG,0.18,Non-Hemolytic
Pep_1071,PRTLNAWVKVVEEKGF,0.181,Non-Hemolytic
Pep_1072,PSFVKCNILDVYGSHV,0.204,Non-Hemolytic
Pep_1073,PSLKIMIPSMIAITKH,0.185,Non-Hemolytic
Pep_1074,PSMIAITKHKQHNAD,0.203,Non-Hemolytic
Pep_1075,PSVVSKLEKNCNAYAE,0.181,Non-Hemolytic
Pep_1076,PTDPNPQEI,0.195,Non-Hemolytic
Pep_1077,PVGDIYKRWIILGLN,0.23,Non-Hemolytic
Pep_1078,PVSILDIRQGPKEPF,0.198,Non-Hemolytic
Pep_1079,PVSILDIRQGPKEPFR,0.201,Non-Hemolytic
Pep_1080,PYYDPWFLV,0.206,Non-Hemolytic
Pep_1081,QAAMQMLKETINEEA,0.183,Non-Hemolytic
Pep_1082,QAAMQMLKETINEEAA,0.182,Non-Hemolytic
Pep_1083,QACPKISFDPIPIHY,0.2,Non-Hemolytic
Pep_1084,QACPKISFDPIPIHYC,0.2,Non-Hemolytic
Pep_1085,QARQLLSGIVQQQSN,0.184,Non-Hemolytic
Pep_1086,QCMSANEAAITDSAV,0.239,Non-Hemolytic
Pep_1087,QCMSANEAAITDSAVA,0.23,Non-Hemolytic
Pep_1088,QCTHGIKPVVSTQLL,0.181,Non-Hemolytic
Pep_1089,QDLNMMLNIVGGHQA,0.194,Non-Hemolytic
Pep_1090,QEDVISLWDQSLKPC,0.183,Non-Hemolytic
Pep_1091,QEDVISLWDQSLKPCV,0.178,Non-Hemolytic
Pep_1092,QEVKNWMTETLLVQN,0.195,Non-Hemolytic
Pep_1093,QEVKNWMTETLLVQNA,0.205,Non-Hemolytic
Pep_1094,QEYNLVRKY,0.183,Non-Hemolytic
Pep_1095,QEYNLVRKYEKVDKT,0.237,Non-Hemolytic
Pep_1096,QGKNKRKRV,0.254,Non-Hemolytic
Pep_1097,QGPKEPFRDYVDRFY,0.19,Non-Hemolytic
Pep_1098,QGPKEPFRDYVDRFYK,0.184,Non-Hemolytic
Pep_1099,QGSCYILHSDYKSFED,0.237,Non-Hemolytic
Pep_1100,QGVGGPSHKARVLAEA,0.279,Non-Hemolytic
Pep_1101,QHMLLQIVNTGSAEA,0.189,Non-Hemolytic
Pep_1102,QIVNTGSAEANCGLQ,0.195,Non-Hemolytic
Pep_1103,QKLAQHSIPTNVTCAI,0.184,Non-Hemolytic
Pep_1104,QKLNIGECSAPPGQHM,0.184,Non-Hemolytic
Pep_1105,QLLSGIVQQQSNLLR,0.189,Non-Hemolytic
Pep_1106,QLQARVLAV,0.19,Non-Hemolytic
Pep_1107,QLTVWGIKQLQARVL,0.175,Non-Hemolytic
Pep_1108,QLTVWGIKQLQARVLA,0.19,Non-Hemolytic
Pep_1109,QLVNNDHLDNSIRLML,0.19,Non-Hemolytic
Pep_1110,QMQEDVISL,0.195,Non-Hemolytic
Pep_1111,QMQEDVISLWDQSLK,0.183,Non-Hemolytic
Pep_1112,QMQEDVISLWDQSLKP,0.178,Non-Hemolytic
Pep_1113,QRLISLLSKKLDAGD,0.184,Non-Hemolytic
Pep_1114,QRLISLLSKKLDAGDK,0.186,Non-Hemolytic
Pep_1115,QSLKPCVKLTPLCVTL,0.217,Non-Hemolytic
Pep_1116,QTIVKSLNKIYVPPI,0.19,Non-Hemolytic
Pep_1117,QTIVKSLNKIYVPPII,0.186,Non-Hemolytic
Pep_1118,QTSVFSATVY,0.218,Non-Hemolytic
Pep_1119,QTSVFSATVYGDKIQ,0.19,Non-Hemolytic
Pep_1120,QTSVFSATVYGDKIQG,0.187,Non-Hemolytic
Pep_1121,QYDHKESCNGLYYQGS,0.204,Non-Hemolytic
Pep_1122,QYKWYILKCF,0.425,Non-Hemolytic
Pep_1123,QYKWYILKCFDEIDI,0.487,Non-Hemolytic
Pep_1124,RAIAEEIGIDLDDVP,0.211,Non-Hemolytic
Pep_1125,RAIAEEIGIDLDDVPS,0.214,Non-Hemolytic
Pep_1126,RAPRKKGCWKCGKEGH,0.283,Non-Hemolytic
Pep_1127,RCIYNYRKSESESYN,0.198,Non-Hemolytic
Pep_1128,RCIYNYRKSESESYNE,0.212,Non-Hemolytic
Pep_1129,RCYIKNKTVF,0.177,Non-Hemolytic
Pep_1130,RDYVDRFYKTLRAEQ,0.19,Non-Hemolytic
Pep_1131,RDYVDRFYKTLRAEQA,0.188,Non-Hemolytic
Pep_1132,RELERFALNPGLLET,0.187,Non-Hemolytic
Pep_1133,RFALNPGLL,0.182,Non-Hemolytic
Pep_1134,RFYIDAEDSYGCTLLH,0.296,Non-Hemolytic
Pep_1135,RGSDIAGTTSTLQEQ,0.199,Non-Hemolytic
Pep_1136,RGVIDINYRTIYNET,0.22,Non-Hemolytic
Pep_1137,RGVIDINYRTIYNETS,0.206,Non-Hemolytic
Pep_1138,RHFLSYILDTVNIYI,0.523,Non-Hemolytic
Pep_1139,RHLIIFDAVESLDYL,0.286,Non-Hemolytic
Pep_1140,RHPSFVKCNILDVYGS,0.293,Non-Hemolytic
Pep_1141,RIRQGLERAL,0.192,Non-Hemolytic
Pep_1142,RKKGCWKCGKEGHQMK,0.45,Non-Hemolytic
Pep_1143,RKSESESYNELIKILL,0.18,Non-Hemolytic
Pep_1144,RKVASSTTQY,0.189,Non-Hemolytic
Pep_1145,RKVASSTTQYDHKES,0.208,Non-Hemolytic
Pep_1146,RKVASSTTQYDHKESC,0.19,Non-Hemolytic
Pep_1147,RKYEKVDKTIVDFLS,0.184,Non-Hemolytic
Pep_1148,RLCSNSSNSSTSHIIQ,0.199,Non-Hemolytic
Pep_1149,RLISLLSKKLDAGDK,0.185,Non-Hemolytic
Pep_1150,RLISLLSKKLDAGDKW,0.184,Non-Hemolytic
Pep_1151,RLMLENGRRTRHFLSY,0.185,Non-Hemolytic
Pep_1152,RLNQCMSANEAAITDS,0.178,Non-Hemolytic
Pep_1153,RLPYYDPWF,0.192,Non-Hemolytic
Pep_1154,RLPYYDPWFL,0.223,Non-Hemolytic
Pep_1155,RLPYYDPWFLVGVAI,0.683,Hemolytic
Pep_1156,RLRPGGKKKY,0.274,Non-Hemolytic
Pep_1157,RLSFTLMVESFIEVI,0.245,Non-Hemolytic
Pep_1158,RMYSPVSIL,0.19,Non-Hemolytic
Pep_1159,RMYSPVSILDIRQGP,0.232,Non-Hemolytic
Pep_1160,RMYSPVSILDIRQGPK,0.222,Non-Hemolytic
Pep_1161,RNGDFETITTSGCTC,0.217,Non-Hemolytic
Pep_1162,RNGDFETITTSGCTCI,0.197,Non-Hemolytic
Pep_1163,RNIIASIRYRQRLIS,0.206,Non-Hemolytic
Pep_1164,RNIIASIRYRQRLISL,0.209,Non-Hemolytic
Pep_1165,RNKYDFVKLLISKGA,0.208,Non-Hemolytic
Pep_1166,RNLALKYRYGTFLYV,0.317,Non-Hemolytic
Pep_1167,RNRFGTTPFY,0.204,Non-Hemolytic
Pep_1168,RNRFGTTPFYCGIIH,0.203,Non-Hemolytic
Pep_1169,RPSLKIMIP,0.204,Non-Hemolytic
Pep_1170,RPSLKIMIPSMIAIT,0.415,Non-Hemolytic
Pep_1171,RPSLKIMIPSMIAITK,0.193,Non-Hemolytic
Pep_1172,RQGPKEPFRDYVDRF,0.218,Non-Hemolytic
Pep_1173,RQGPKEPFRDYVDRFY,0.194,Non-Hemolytic
Pep_1174,RQLLSGIVQQQSNLL,0.189,Non-Hemolytic
Pep_1175,RQRLISLLSKKLDAG,0.178,Non-Hemolytic
Pep_1176,RQRLISLLSKKLDAGD,0.18,Non-Hemolytic
Pep_1177,RRAIAEEIGIDLDDVP,0.232,Non-Hemolytic
Pep_1178,RRIRQGLER,0.189,Non-Hemolytic
Pep_1179,RRNLALKYRY,0.184,Non-Hemolytic
Pep_1180,RRTRHFLSY,0.194,Non-Hemolytic
Pep_1181,RRTRHFLSYILDTVN,0.206,Non-Hemolytic
Pep_1182,RTIYNETSIY,0.192,Non-Hemolytic
Pep_1183,RTIYNETSIYDAVSY,0.2,Non-Hemolytic
Pep_1184,RTIYNETSIYDAVSYN,0.208,Non-Hemolytic
Pep_1185,RTLNAWVKVVEEKGF,0.18,Non-Hemolytic
Pep_1186,RTLNAWVKVVEEKGFN,0.18,Non-Hemolytic
Pep_1187,RTRHFLSYILDTVNI,0.248,Non-Hemolytic
Pep_1188,RVLNINKNRGSFIHNL,0.19,Non-Hemolytic
Pep_1189,RVRQGYSPL,0.204,Non-Hemolytic
Pep_1190,RWIILGLNKIVRMYS,0.602,Hemolytic
Pep_1191,RWIILGLNKIVRMYSP,0.629,Hemolytic
Pep_1192,RWPNLFHIL,0.31,Non-Hemolytic
Pep_1193,RWPNLFHILEYGENI,0.314,Non-Hemolytic
Pep_1194,RWPNLFHILEYGENIL,0.472,Non-Hemolytic
Pep_1195,RYGRHPSFV,0.191,Non-Hemolytic
Pep_1196,RYGRHPSFVKCNILD,0.182,Non-Hemolytic
Pep_1197,RYGRHPSFVKCNILDV,0.181,Non-Hemolytic
Pep_1198,RYRQRLISL,0.195,Non-Hemolytic
Pep_1199,RYRQRLISLL,0.189,Non-Hemolytic
Pep_1200,RYRQRLISLLSKKLD,0.176,Non-Hemolytic
Pep_1201,RYRQRLISLLSKKLDA,0.175,Non-Hemolytic
Pep_1202,SANEAAITDSAVAVA,0.219,Non-Hemolytic
Pep_1203,SANEAAITDSAVAVAA,0.218,Non-Hemolytic
Pep_1204,SAPPGQHML,0.235,Non-Hemolytic
Pep_1205,SAPPGQHMLL,0.232,Non-Hemolytic
Pep_1206,SATVYGDKIQGKNKR,0.247,Non-Hemolytic
Pep_1207,SATVYGDKIQGKNKRK,0.296,Non-Hemolytic
Pep_1208,SAVAVAAASSTHRKV,0.31,Non-Hemolytic
Pep_1209,SAVAVAAASSTHRKVA,0.262,Non-Hemolytic
Pep_1210,SCFPNEIKY,0.176,Non-Hemolytic
Pep_1211,SCFPNEIKYKILENF,0.183,Non-Hemolytic
Pep_1212,SCRNKYDFVKLLISK,0.252,Non-Hemolytic
Pep_1213,SCYILHSDY,0.178,Non-Hemolytic
Pep_1214,SCYILHSDYKSFEDA,0.198,Non-Hemolytic
Pep_1215,SCYILHSDYKSFEDAK,0.191,Non-Hemolytic
Pep_1216,SDGNPITKTTSDYQD,0.191,Non-Hemolytic
Pep_1217,SDGNPITKTTSDYQDS,0.204,Non-Hemolytic
Pep_1218,SDTELEIDNEHIVRH,0.184,Non-Hemolytic
Pep_1219,SDTELEIDNEHIVRHL,0.181,Non-Hemolytic
Pep_1220,SDVDKKDTY,0.186,Non-Hemolytic
Pep_1221,SDVDKKDTYGNTPFIL,0.182,Non-Hemolytic
Pep_1222,SDVLTTWLIDYVEDT,0.194,Non-Hemolytic
Pep_1223,SDVLTTWLIDYVEDTW,0.216,Non-Hemolytic
Pep_1224,SDVSQEVRKY,0.244,Non-Hemolytic
Pep_1225,SDYKSFEDAKANCAA,0.191,Non-Hemolytic
Pep_1226,SDYKSFEDAKANCAAE,0.197,Non-Hemolytic
Pep_1227,SDYQDSDVSQEVRKY,0.194,Non-Hemolytic
Pep_1228,SDYQDSDVSQEVRKYF,0.19,Non-Hemolytic
Pep_1229,SEAVANNNKI,0.186,Non-Hemolytic
Pep_1230,SEAVANNNKIIMDIL,0.18,Non-Hemolytic
Pep_1231,SEGATPQDL,0.271,Non-Hemolytic
Pep_1232,SELYKYKVV,0.178,Non-Hemolytic
Pep_1233,SESESYNEL,0.202,Non-Hemolytic
Pep_1234,SESESYNELI,0.188,Non-Hemolytic
Pep_1235,SESESYNELIKILLNN,0.194,Non-Hemolytic
Pep_1236,SESYNELIKI,0.188,Non-Hemolytic
Pep_1237,SESYNELIKILLNNG,0.237,Non-Hemolytic
Pep_1238,SFDPIPIHY,0.202,Non-Hemolytic
Pep_1239,SFDPIPIHYC,0.199,Non-Hemolytic
Pep_1240,SFDPIPIHYCTPAGYA,0.208,Non-Hemolytic
Pep_1241,SFEDAKANCAAESSTL,0.182,Non-Hemolytic
Pep_1242,SFIEVISLL,0.195,Non-Hemolytic
Pep_1243,SFTLMVESF,0.184,Non-Hemolytic
Pep_1244,SFTLMVESFIEVISL,0.24,Non-Hemolytic
Pep_1245,SFVKCNILDVYGSHVR,0.19,Non-Hemolytic
Pep_1246,SGCTCISEAVANNNK,0.187,Non-Hemolytic
Pep_1247,SGIVQQQSNLLRAIE,0.187,Non-Hemolytic
Pep_1248,SHIIQEYNLVRKYEK,0.185,Non-Hemolytic
Pep_1249,SHIIQEYNLVRKYEKV,0.194,Non-Hemolytic
Pep_1250,SHVRNIIASIRYRQR,0.199,Non-Hemolytic
Pep_1251,SHVRNIIASIRYRQRL,0.202,Non-Hemolytic
Pep_1252,SILDIRQGPKEPFRD,0.211,Non-Hemolytic
Pep_1253,SILDIRQGPKEPFRDY,0.208,Non-Hemolytic
Pep_1254,SILINHRFY,0.186,Non-Hemolytic
Pep_1255,SILINHRFYIDAEDS,0.212,Non-Hemolytic
Pep_1256,SILINHRFYIDAEDSY,0.22,Non-Hemolytic
Pep_1257,SINIKEYVY,0.181,Non-Hemolytic
Pep_1258,SINIKEYVYQLVNND,0.206,Non-Hemolytic
Pep_1259,SIRLMLENGRRTRHFL,0.191,Non-Hemolytic
Pep_1260,SIRRNLALKY,0.184,Non-Hemolytic
Pep_1261,SIRYRQRLI,0.2,Non-Hemolytic
Pep_1262,SIRYRQRLISLLSKK,0.185,Non-Hemolytic
Pep_1263,SIRYRQRLISLLSKKL,0.184,Non-Hemolytic
Pep_1264,SIVNRVRQGY,0.188,Non-Hemolytic
Pep_1265,SIYDAVSYNA,0.209,Non-Hemolytic
Pep_1266,SIYDAVSYNAYNTLV,0.234,Non-Hemolytic
Pep_1267,SIYLFLHYI,0.432,Non-Hemolytic
Pep_1268,SKGANVNARNRFGTT,0.196,Non-Hemolytic
Pep_1269,SKGANVNARNRFGTTP,0.209,Non-Hemolytic
Pep_1270,SKKLDAGDKWSCFPNE,0.194,Non-Hemolytic
Pep_1271,SKLEKNCNAY,0.178,Non-Hemolytic
Pep_1272,SKLEKNCNAYAEVNNI,0.181,Non-Hemolytic
Pep_1273,SKRPSLKIM,0.208,Non-Hemolytic
Pep_1274,SKRPSLKIMIPSMIA,0.208,Non-Hemolytic
Pep_1275,SKRPSLKIMIPSMIAI,0.335,Non-Hemolytic
Pep_1276,SLDYLLSRGVIDINY,0.202,Non-Hemolytic
Pep_1277,SLDYLLSRGVIDINYR,0.209,Non-Hemolytic
Pep_1278,SLHQYKWYI,0.182,Non-Hemolytic
Pep_1279,SLIKLYLESDTELEI,0.243,Non-Hemolytic
Pep_1280,SLIKLYLESDTELEID,0.341,Non-Hemolytic
Pep_1281,SLKIMIPSM,0.179,Non-Hemolytic
Pep_1282,SLKIMIPSMIAITKHK,0.216,Non-Hemolytic
Pep_1283,SLLSKKLDAGDKWSCF,0.204,Non-Hemolytic
Pep_1284,SLLSMITMSA,0.266,Non-Hemolytic
Pep_1285,SLLSMITMSAFLIVR,0.738,Hemolytic
Pep_1286,SLNKIYVPPIIENRL,0.191,Non-Hemolytic
Pep_1287,SLNKIYVPPIIENRLP,0.185,Non-Hemolytic
Pep_1288,SLWDQSLKP,0.205,Non-Hemolytic
Pep_1289,SLWDQSLKPC,0.2,Non-Hemolytic
Pep_1290,SLWDQSLKPCVKLTPL,0.2,Non-Hemolytic
Pep_1291,SMIAITKHKQHNADL,0.188,Non-Hemolytic
Pep_1292,SMITMSAFL,0.196,Non-Hemolytic
Pep_1293,SMITMSAFLIVRLNQ,0.524,Non-Hemolytic
Pep_1294,SMVISLLSM,0.202,Non-Hemolytic
Pep_1295,SNSSNSSTSHIIQEY,0.273,Non-Hemolytic
Pep_1296,SNSSNSSTSHIIQEYN,0.244,Non-Hemolytic
Pep_1297,SNSSTSHIIQEYNLVR,0.215,Non-Hemolytic
Pep_1298,SPRTLNAWV,0.195,Non-Hemolytic
Pep_1299,SPRTLNAWVKVVEEK,0.186,Non-Hemolytic
Pep_1300,SPRTLNAWVKVVEEKG,0.205,Non-Hemolytic
Pep_1301,SPVSILDIRQGPKEP,0.223,Non-Hemolytic
Pep_1302,SPVSILDIRQGPKEPF,0.22,Non-Hemolytic
Pep_1303,SRELERFAL,0.21,Non-Hemolytic
Pep_1304,SRELERFALNPGLLE,0.188,Non-Hemolytic
Pep_1305,SRELERFALNPGLLET,0.188,Non-Hemolytic
Pep_1306,SRGVIDINY,0.209,Non-Hemolytic
Pep_1307,SRGVIDINYRTIYNE,0.2,Non-Hemolytic
Pep_1308,SRGVIDINYRTIYNET,0.202,Non-Hemolytic
Pep_1309,SRLSFTLMV,0.205,Non-Hemolytic
Pep_1310,SRLSFTLMVESFIEV,0.189,Non-Hemolytic
Pep_1311,SRWPNLFHI,0.187,Non-Hemolytic
Pep_1312,SRWPNLFHIL,0.243,Non-Hemolytic
Pep_1313,SRWPNLFHILEYGEN,0.269,Non-Hemolytic
Pep_1314,SRWPNLFHILEYGENI,0.262,Non-Hemolytic
Pep_1315,SSINIKEYVY,0.186,Non-Hemolytic
Pep_1316,SSINIKEYVYQLVNN,0.199,Non-Hemolytic
Pep_1317,SSNSSTSHIIQEYNLV,0.223,Non-Hemolytic
Pep_1318,SSTHRKVASSTTQYD,0.233,Non-Hemolytic
Pep_1319,SSTHRKVASSTTQYDH,0.253,Non-Hemolytic
Pep_1320,SSTLPNKSDVLTTWLI,0.177,Non-Hemolytic
Pep_1321,SSTSHIIQEY,0.227,Non-Hemolytic
Pep_1322,SSTSHIIQEYNLVRK,0.205,Non-Hemolytic
Pep_1323,SSTSHIIQEYNLVRKY,0.225,Non-Hemolytic
Pep_1324,SSTTQYDHKESCNGL,0.191,Non-Hemolytic
Pep_1325,SSTTQYDHKESCNGLY,0.188,Non-Hemolytic
Pep_1326,SSVQCTHGIKPVVST,0.2,Non-Hemolytic
Pep_1327,STHRKVASSTTQYDH,0.222,Non-Hemolytic
Pep_1328,STHRKVASSTTQYDHK,0.256,Non-Hemolytic
Pep_1329,STLPNKSDVLTTWLID,0.175,Non-Hemolytic
Pep_1330,STMGAASITLTVQAR,0.242,Non-Hemolytic
Pep_1331,STQLLLNGSLAEEEI,0.188,Non-Hemolytic
Pep_1332,STSHIIQEY,0.197,Non-Hemolytic
Pep_1333,STSHIIQEYN,0.189,Non-Hemolytic
Pep_1334,STSHIIQEYNLVRKY,0.201,Non-Hemolytic
Pep_1335,STSHIIQEYNLVRKYE,0.215,Non-Hemolytic
Pep_1336,STTQYDHKESCNGLYY,0.191,Non-Hemolytic
Pep_1337,SVDFNGYTPLHYVSC,0.205,Non-Hemolytic
Pep_1338,SVDFNGYTPLHYVSCR,0.227,Non-Hemolytic
Pep_1339,SVFSATVYGDKIQGK,0.19,Non-Hemolytic
Pep_1340,SVFSATVYGDKIQGKN,0.196,Non-Hemolytic
Pep_1341,SVIKQACPKISFDPIP,0.179,Non-Hemolytic
Pep_1342,SVQCTHGIKPVVSTQ,0.204,Non-Hemolytic
Pep_1343,SVVSKLEKNCNAYAEV,0.191,Non-Hemolytic
Pep_1344,SYGCTLLHRCIYNYRK,0.235,Non-Hemolytic
Pep_1345,SYILDTVNI,0.181,Non-Hemolytic
Pep_1346,SYILDTVNIY,0.194,Non-Hemolytic
Pep_1347,SYLQKLAQHSIPTNV,0.173,Non-Hemolytic
Pep_1348,SYLQKLAQHSIPTNVT,0.172,Non-Hemolytic
Pep_1349,SYNAYNTLV,0.189,Non-Hemolytic
Pep_1350,SYNAYNTLVYLLNRN,0.21,Non-Hemolytic
Pep_1351,SYNELIKIL,0.179,Non-Hemolytic
Pep_1352,SYNELIKILL,0.175,Non-Hemolytic
Pep_1353,SYNELIKILLNNGSD,0.335,Non-Hemolytic
Pep_1354,TACMTDYDTLIDVQSL,0.194,Non-Hemolytic
Pep_1355,TACQGVGGPSHKARVL,0.335,Non-Hemolytic
Pep_1356,TCISEAVANNNKIIM,0.209,Non-Hemolytic
Pep_1357,TDSAVAVAAASSTHR,0.226,Non-Hemolytic
Pep_1358,TDSAVAVAAASSTHRK,0.266,Non-Hemolytic
Pep_1359,TDYDTLIDVQSLHQY,0.186,Non-Hemolytic
Pep_1360,TDYDTLIDVQSLHQYK,0.186,Non-Hemolytic
Pep_1361,TELEIDNEHI,0.176,Non-Hemolytic
Pep_1362,TELEIDNEHIVRHLI,0.175,Non-Hemolytic
Pep_1363,TELEIDNEHIVRHLII,0.174,Non-Hemolytic
Pep_1364,TETLLVQNANPDCKS,0.238,Non-Hemolytic
Pep_1365,TETLLVQNANPDCKSI,0.207,Non-Hemolytic
Pep_1366,THGIKPVVSTQLLLN,0.184,Non-Hemolytic
Pep_1367,THRKVASSTTQYDHK,0.246,Non-Hemolytic
Pep_1368,THRKVASSTTQYDHKE,0.231,Non-Hemolytic
Pep_1369,TIVDFLSRWPNLFHIL,0.572,Hemolytic
Pep_1370,TIVKSLNKIY,0.188,Non-Hemolytic
Pep_1371,TIVKSLNKIYVPPII,0.181,Non-Hemolytic
Pep_1372,TIVKSLNKIYVPPIIE,0.177,Non-Hemolytic
Pep_1373,TIYNETSIY,0.187,Non-Hemolytic
Pep_1374,TKEFKTLYNL,0.176,Non-Hemolytic
Pep_1375,TKEFKTLYNLFIDSY,0.295,Non-Hemolytic
Pep_1376,TKTTSDYQDSDVSQE,0.19,Non-Hemolytic
Pep_1377,TKTTSDYQDSDVSQEV,0.188,Non-Hemolytic
Pep_1378,TLIDVQSLH,0.18,Non-Hemolytic
Pep_1379,TLIDVQSLHQYKWYI,0.206,Non-Hemolytic
Pep_1380,TLLHRCIYNYRKSESE,0.194,Non-Hemolytic
Pep_1381,TLMRYGRHPSFVKCNI,0.175,Non-Hemolytic
Pep_1382,TLMVESFIEV,0.172,Non-Hemolytic
Pep_1383,TLNAWVKVV,0.179,Non-Hemolytic
Pep_1384,TLNAWVKVVEEKGFN,0.179,Non-Hemolytic
Pep_1385,TLNAWVKVVEEKGFNP,0.176,Non-Hemolytic
Pep_1386,TLPNKSDVL,0.223,Non-Hemolytic
Pep_1387,TLPNKSDVLTTWLIDY,0.19,Non-Hemolytic
Pep_1388,TLVYLLNRNGDFETI,0.196,Non-Hemolytic
Pep_1389,TLVYLLNRNGDFETIT,0.195,Non-Hemolytic
Pep_1390,TLYNLFIDSY,0.203,Non-Hemolytic
Pep_1391,TLYNLFIDSYLQKLA,0.314,Non-Hemolytic
Pep_1392,TLYNLFIDSYLQKLAQ,0.236,Non-Hemolytic
Pep_1393,TMGAASITL,0.181,Non-Hemolytic
Pep_1394,TMGAASITLTVQARQ,0.273,Non-Hemolytic
Pep_1395,TNIMIFFLDRVLNIN,0.233,Non-Hemolytic
Pep_1396,TPENDEEQTSVFSAT,0.185,Non-Hemolytic
Pep_1397,TPENDEEQTSVFSATV,0.185,Non-Hemolytic
Pep_1398,TPFILLCKHDIDNAE,0.198,Non-Hemolytic
Pep_1399,TPLHYVSCRNKYDFV,0.188,Non-Hemolytic
Pep_1400,TPQDLNMML,0.195,Non-Hemolytic
Pep_1401,TPQDLNMMLNIVGGH,0.178,Non-Hemolytic
Pep_1402,TQYDHKESCNGLYYQG,0.2,Non-Hemolytic
Pep_1403,TRHFLSYIL,0.242,Non-Hemolytic
Pep_1404,TRHFLSYILDTVNIY,0.498,Non-Hemolytic
Pep_1405,TRLCSNSSNSSTSHII,0.215,Non-Hemolytic
Pep_1406,TSDYQDSDVSQEVRK,0.213,Non-Hemolytic
Pep_1407,TSDYQDSDVSQEVRKY,0.198,Non-Hemolytic
Pep_1408,TSHIIQEYNLVRKYE,0.185,Non-Hemolytic
Pep_1409,TSHIIQEYNLVRKYEK,0.19,Non-Hemolytic
Pep_1410,TSIYDAVSY,0.194,Non-Hemolytic
Pep_1411,TSIYDAVSYNAYNTL,0.202,Non-Hemolytic
Pep_1412,TSVFSATVY,0.2,Non-Hemolytic
Pep_1413,TSVFSATVYGDKIQG,0.181,Non-Hemolytic
Pep_1414,TSVFSATVYGDKIQGK,0.184,Non-Hemolytic
Pep_1415,TTPFYCGIIHGISLI,0.221,Non-Hemolytic
Pep_1416,TTQYDHKESCNGLYYQ,0.189,Non-Hemolytic
Pep_1417,TTSDYQDSDVSQEVR,0.212,Non-Hemolytic
Pep_1418,TTSDYQDSDVSQEVRK,0.206,Non-Hemolytic
Pep_1419,TTWLIDYVEDTWGSD,0.265,Non-Hemolytic
Pep_1420,TTWLIDYVEDTWGSDG,0.297,Non-Hemolytic
Pep_1421,TVAICSIRRNLALKY,0.188,Non-Hemolytic
Pep_1422,TVNIYISILINHRFY,0.277,Non-Hemolytic
Pep_1423,TVWGIKQLQARVLAV,0.182,Non-Hemolytic
Pep_1424,TVWGIKQLQARVLAVE,0.19,Non-Hemolytic
Pep_1425,TVYGDKIQGKNKRKR,0.249,Non-Hemolytic
Pep_1426,TVYGDKIQGKNKRKRV,0.355,Non-Hemolytic
Pep_1427,TWGSDGNPITKTTSDY,0.201,Non-Hemolytic
Pep_1428,TWLIDYVEDTWGSDG,0.306,Non-Hemolytic
Pep_1429,TWLIDYVEDTWGSDGN,0.305,Non-Hemolytic
Pep_1430,TYGNTPFIL,0.178,Non-Hemolytic
Pep_1431,TYGNTPFILL,0.181,Non-Hemolytic
Pep_1432,VAAASSTHRKVASSTT,0.371,Non-Hemolytic
Pep_1433,VAICSIRRNLALKYR,0.187,Non-Hemolytic
Pep_1434,VANNNKIIMDILLSK,0.187,Non-Hemolytic
Pep_1435,VASSTTQYDHKESCNG,0.36,Non-Hemolytic
Pep_1436,VAVAAASSTHRKVASS,0.324,Non-Hemolytic
Pep_1437,VDFLSRWPNLFHILEY,0.293,Non-Hemolytic
Pep_1438,VDFNGYTPL,0.189,Non-Hemolytic
Pep_1439,VDFNGYTPLHYVSCR,0.237,Non-Hemolytic
Pep_1440,VDKKDTYGNTPFILL,0.195,Non-Hemolytic
Pep_1441,VDKKDTYGNTPFILLC,0.196,Non-Hemolytic
Pep_1442,VDKTIVDFLSRWPNL,0.201,Non-Hemolytic
Pep_1443,VEDTWGSDGNPITKT,0.196,Non-Hemolytic
Pep_1444,VEDTWGSDGNPITKTT,0.191,Non-Hemolytic
Pep_1445,VEEKGFNPEVIPMFSA,0.178,Non-Hemolytic
Pep_1446,VESFIEVISL,0.182,Non-Hemolytic
Pep_1447,VESLDYLLSRGVIDI,0.184,Non-Hemolytic
Pep_1448,VESLDYLLSRGVIDIN,0.188,Non-Hemolytic
Pep_1449,VFCIKDINTL,0.176,Non-Hemolytic
Pep_1450,VFSATVYGDKIQGKN,0.194,Non-Hemolytic
Pep_1451,VFSATVYGDKIQGKNK,0.197,Non-Hemolytic
Pep_1452,VGDIYKRWIILGLNK,0.215,Non-Hemolytic
Pep_1453,VGGPSHKARVLAEAM,0.191,Non-Hemolytic
Pep_1454,VGGPSHKARVLAEAMS,0.194,Non-Hemolytic
Pep_1455,VHNVWATHACVPTDP,0.403,Non-Hemolytic
Pep_1456,VIDINYRTI,0.19,Non-Hemolytic
Pep_1457,VIDINYRTIY,0.196,Non-Hemolytic
Pep_1458,VIDINYRTIYNETSI,0.203,Non-Hemolytic
Pep_1459,VIDINYRTIYNETSIY,0.206,Non-Hemolytic
Pep_1460,VIKQACPKISFDPIPI,0.181,Non-Hemolytic
Pep_1461,VIPMFSALSEGATPQ,0.188,Non-Hemolytic
Pep_1462,VISLWDQSLKPCVKLT,0.209,Non-Hemolytic
Pep_1463,VKCNILDVYGSHVRN,0.21,Non-Hemolytic
Pep_1464,VKCNILDVYGSHVRNI,0.214,Non-Hemolytic
Pep_1465,VKLLISKGANVNARN,0.41,Non-Hemolytic
Pep_1466,VKLLISKGANVNARNR,0.402,Non-Hemolytic
Pep_1467,VKNWMTETLLVQNAN,0.22,Non-Hemolytic
Pep_1468,VKNWMTETLLVQNANP,0.213,Non-Hemolytic
Pep_1469,VKSLNKIYVPPIIEN,0.187,Non-Hemolytic
Pep_1470,VKSLNKIYVPPIIENR,0.187,Non-Hemolytic
Pep_1471,VKVVEEKGFNPEVIP,0.19,Non-Hemolytic
Pep_1472,VKVVEEKGFNPEVIPM,0.188,Non-Hemolytic
Pep_1473,VLNINKNRGSFIHNLG,0.201,Non-Hemolytic
Pep_1474,VLSIVNRVRQGYSPLS,0.19,Non-Hemolytic
Pep_1475,VLTTWLIDYVEDTWG,0.4,Non-Hemolytic
Pep_1476,VLTTWLIDYVEDTWGS,0.503,Non-Hemolytic
Pep_1477,VNARNRFGTTPFYCG,0.194,Non-Hemolytic
Pep_1478,VNARNRFGTTPFYCGI,0.19,Non-Hemolytic
Pep_1479,VNIYISILINHRFYI,0.404,Non-Hemolytic
Pep_1480,VNNDHLDNSIRLMLE,0.202,Non-Hemolytic
Pep_1481,VNNDHLDNSIRLMLEN,0.199,Non-Hemolytic
Pep_1482,VNNIIDIQKLNIGEC,0.225,Non-Hemolytic
Pep_1483,VNNIIDIQKLNIGECS,0.212,Non-Hemolytic
Pep_1484,VPPIIENRL,0.19,Non-Hemolytic
Pep_1485,VPPIIENRLPYYDPW,0.188,Non-Hemolytic
Pep_1486,VPPIIENRLPYYDPWF,0.196,Non-Hemolytic
Pep_1487,VQARQLLSGIVQQQS,0.183,Non-Hemolytic
Pep_1488,VQCTHGIKPVVSTQL,0.193,Non-Hemolytic
Pep_1489,VQSLHQYKW,0.184,Non-Hemolytic
Pep_1490,VRHLIIFDAVESLDY,0.307,Non-Hemolytic
Pep_1491,VRKYEKVDKTIVDFL,0.179,Non-Hemolytic
Pep_1492,VRLNQCMSANEAAITD,0.189,Non-Hemolytic
Pep_1493,VRMYSPVSI,0.188,Non-Hemolytic
Pep_1494,VRMYSPVSIL,0.205,Non-Hemolytic
Pep_1495,VRMYSPVSILDIRQG,0.224,Non-Hemolytic
Pep_1496,VRMYSPVSILDIRQGP,0.226,Non-Hemolytic
Pep_1497,VRNIIASIRYRQRLI,0.201,Non-Hemolytic
Pep_1498,VRNIIASIRYRQRLIS,0.201,Non-Hemolytic
Pep_1499,VSILDIRQGPKEPFR,0.204,Non-Hemolytic
Pep_1500,VSILDIRQGPKEPFRD,0.228,Non-Hemolytic
Pep_1501,VSKLEKNCNAYAEVNN,0.183,Non-Hemolytic
Pep_1502,VSQEVRKYF,0.195,Non-Hemolytic
Pep_1503,VSQNYPIVQNAQGQM,0.215,Non-Hemolytic
Pep_1504,VSTQLLLNGSLAEEE,0.196,Non-Hemolytic
Pep_1505,VSYNAYNTL,0.198,Non-Hemolytic
Pep_1506,VSYNAYNTLVYLLNR,0.225,Non-Hemolytic
Pep_1507,VVEEKGFNPEVIPMF,0.178,Non-Hemolytic
Pep_1508,VVEEKGFNPEVIPMFS,0.177,Non-Hemolytic
Pep_1509,VVSKLEKNCNAYAEVN,0.19,Non-Hemolytic
Pep_1510,VWASRELERF,0.18,Non-Hemolytic
Pep_1511,VWASRELERFALNPG,0.19,Non-Hemolytic
Pep_1512,VWASRELERFALNPGL,0.185,Non-Hemolytic
Pep_1513,VWGIKQLQARVLAVE,0.2,Non-Hemolytic
Pep_1514,VWGIKQLQARVLAVER,0.187,Non-Hemolytic
Pep_1515,VYGDKIQGKNKRKRVI,0.238,Non-Hemolytic
Pep_1516,VYGSHVRNI,0.198,Non-Hemolytic
Pep_1517,VYGSHVRNII,0.192,Non-Hemolytic
Pep_1518,VYGSHVRNIIASIRYR,0.191,Non-Hemolytic
Pep_1519,VYLLNRNGDF,0.186,Non-Hemolytic
Pep_1520,VYLLNRNGDFETITTS,0.201,Non-Hemolytic
Pep_1521,VYQLVNNDHL,0.18,Non-Hemolytic
Pep_1522,VYQLVNNDHLDNSIR,0.199,Non-Hemolytic
Pep_1523,VYQLVNNDHLDNSIRL,0.194,Non-Hemolytic
Pep_1524,WASRELERFALNPGL,0.191,Non-Hemolytic
Pep_1525,WASRELERFALNPGLL,0.197,Non-Hemolytic
Pep_1526,WDQSLKPCVKLTPLCV,0.205,Non-Hemolytic
Pep_1527,WGIKQLQARVLAVER,0.195,Non-Hemolytic
Pep_1528,WGIKQLQARVLAVERY,0.252,Non-Hemolytic
Pep_1529,WGSDGNPITK,0.196,Non-Hemolytic
Pep_1530,WGSDGNPITKTTSDYQ,0.214,Non-Hemolytic
Pep_1531,WIILGLNKIVRMYSPV,0.684,Hemolytic
Pep_1532,WKCGKEGHQMKDCTER,0.519,Non-Hemolytic
Pep_1533,WLIDYVEDTWGSDGN,0.369,Non-Hemolytic
Pep_1534,WLIDYVEDTWGSDGNP,0.422,Non-Hemolytic
Pep_1535,WMTETLLVQNANPDC,0.47,Non-Hemolytic
Pep_1536,WMTETLLVQNANPDCK,0.336,Non-Hemolytic
Pep_1537,WPNLFHILEY,0.21,Non-Hemolytic
Pep_1538,WPNLFHILEYGENIL,0.337,Non-Hemolytic
Pep_1539,WPNLFHILEYGENILH,0.324,Non-Hemolytic
Pep_1540,WSCFPNEIKY,0.175,Non-Hemolytic
Pep_1541,WSIYLFLHY,0.564,Hemolytic
Pep_1542,WVKVVEEKGFNPEVI,0.186,Non-Hemolytic
Pep_1543,WVKVVEEKGFNPEVIP,0.186,Non-Hemolytic
Pep_1544,WYIKIFIMI,0.741,Hemolytic
Pep_1545,YAEVNNIIDIQKLNI,0.182,Non-Hemolytic
Pep_1546,YAEVNNIIDIQKLNIG,0.193,Non-Hemolytic
Pep_1547,YDAVSYNAY,0.204,Non-Hemolytic
Pep_1548,YDAVSYNAYNTLVYL,0.342,Non-Hemolytic
Pep_1549,YDFVKLLISKGANVN,0.466,Non-Hemolytic
Pep_1550,YDHKESCNGLYYQGSC,0.282,Non-Hemolytic
Pep_1551,YDTLIDVQSLHQYKW,0.243,Non-Hemolytic
Pep_1552,YDTLIDVQSLHQYKWY,0.284,Non-Hemolytic
Pep_1553,YEKVDKTIV,0.175,Non-Hemolytic
Pep_1554,YFIDAANTNI,0.188,Non-Hemolytic
Pep_1555,YGCTLLHRCIYNYRKS,0.244,Non-Hemolytic
Pep_1556,YGDKIQGKNKRKRVIG,0.179,Non-Hemolytic
Pep_1557,YGENILHIY,0.175,Non-Hemolytic
Pep_1558,YGENILHIYFIDAAN,0.454,Non-Hemolytic
Pep_1559,YGNTPFILL,0.185,Non-Hemolytic
Pep_1560,YGRHPSFVKCNILDVY,0.198,Non-Hemolytic
Pep_1561,YGSHVRNIIASIRYR,0.186,Non-Hemolytic
Pep_1562,YGSHVRNIIASIRYRQ,0.182,Non-Hemolytic
Pep_1563,YIDAEDSYGCTLLHRC,0.224,Non-Hemolytic
Pep_1564,YIKNKTVFQL,0.178,Non-Hemolytic
Pep_1565,YILDTVNIY,0.182,Non-Hemolytic
Pep_1566,YILDTVNIYI,0.18,Non-Hemolytic
Pep_1567,YILDTVNIYISILIN,0.588,Hemolytic
Pep_1568,YILHSDYKSF,0.192,Non-Hemolytic
Pep_1569,YILHSDYKSFEDAKA,0.187,Non-Hemolytic
Pep_1570,YILHSDYKSFEDAKAN,0.198,Non-Hemolytic
Pep_1571,YISILINHRFYIDAE,0.505,Non-Hemolytic
Pep_1572,YISILINHRFYIDAED,0.377,Non-Hemolytic
Pep_1573,YITRLCSNSSNSSTS,0.215,Non-Hemolytic
Pep_1574,YITRLCSNSSNSSTSH,0.228,Non-Hemolytic
Pep_1575,YKILENFNDNELTTY,0.207,Non-Hemolytic
Pep_1576,YKILENFNDNELTTYL,0.201,Non-Hemolytic
Pep_1577,YKRWIILGL,0.64,Hemolytic
Pep_1578,YKRWIILGLNKIVRM,0.612,Hemolytic
Pep_1579,YKSFEDAKANCAAES,0.187,Non-Hemolytic
Pep_1580,YKSFEDAKANCAAESS,0.191,Non-Hemolytic
Pep_1581,YKWYILKCFDEIDIM,0.619,Hemolytic
Pep_1582,YLESDTELEI,0.179,Non-Hemolytic
Pep_1583,YLESDTELEIDNEHI,0.202,Non-Hemolytic
Pep_1584,YLESDTELEIDNEHIV,0.202,Non-Hemolytic
Pep_1585,YLFLHYITRL,0.608,Hemolytic
Pep_1586,YLLNRNGDFETITTSG,0.199,Non-Hemolytic
Pep_1587,YLLSRGVIDI,0.18,Non-Hemolytic
Pep_1588,YLLSRGVIDINYRTIY,0.211,Non-Hemolytic
Pep_1589,YLQKLAQHSIPTNVT,0.174,Non-Hemolytic
Pep_1590,YLQKLAQHSIPTNVTC,0.18,Non-Hemolytic
Pep_1591,YNAYNTLVY,0.208,Non-Hemolytic
Pep_1592,YNAYNTLVYLLNRNG,0.411,Non-Hemolytic
Pep_1593,YNELIKILLNNGSDV,0.305,Non-Hemolytic
Pep_1594,YNETSIYDAVSYNAY,0.314,Non-Hemolytic
Pep_1595,YNLFIDSYLQKLAQH,0.219,Non-Hemolytic
Pep_1596,YNLFIDSYLQKLAQHS,0.278,Non-Hemolytic
Pep_1597,YNLVRKYEKVDKTIV,0.178,Non-Hemolytic
Pep_1598,YNTLVYLLNRNGDFE,0.28,Non-Hemolytic
Pep_1599,YNYRKSESESYNELI,0.196,Non-Hemolytic
Pep_1600,YNYRKSESESYNELIK,0.186,Non-Hemolytic
Pep_1601,YQDSDVSQEV,0.219,Non-Hemolytic
Pep_1602,YQDSDVSQEVRKYFCT,0.182,Non-Hemolytic
Pep_1603,YQGSCYILHSDYKSFE,0.358,Non-Hemolytic
Pep_1604,YQLVNNDHL,0.178,Non-Hemolytic
Pep_1605,YQLVNNDHLDNSIRLM,0.188,Non-Hemolytic
Pep_1606,YRKSESESY,0.19,Non-Hemolytic
Pep_1607,YRKSESESYNELIKI,0.188,Non-Hemolytic
Pep_1608,YRKSESESYNELIKIL,0.182,Non-Hemolytic
Pep_1609,YRQRLISLL,0.204,Non-Hemolytic
Pep_1610,YRQRLISLLSKKLDA,0.174,Non-Hemolytic
Pep_1611,YRQRLISLLSKKLDAG,0.174,Non-Hemolytic
Pep_1612,YRTIYNETSIYDAVS,0.198,Non-Hemolytic
Pep_1613,YRTIYNETSIYDAVSY,0.212,Non-Hemolytic
Pep_1614,YRYGTFLYV,0.194,Non-Hemolytic
Pep_1615,YSPVSILDIRQGPKE,0.192,Non-Hemolytic
Pep_1616,YSPVSILDIRQGPKEP,0.182,Non-Hemolytic
Pep_1617,YTACMTDYDTLIDVQS,0.184,Non-Hemolytic
Pep_1618,YTPLHYVSCRNKYDF,0.19,Non-Hemolytic
Pep_1619,YVDRFYKTL,0.182,Non-Hemolytic
Pep_1620,YVEDTWGSDGNPITK,0.19,Non-Hemolytic
Pep_1621,YVEDTWGSDGNPITKT,0.2,Non-Hemolytic
Pep_1622,YVPPIIENRLPYYDP,0.181,Non-Hemolytic
Pep_1623,YVPPIIENRLPYYDPW,0.204,Non-Hemolytic
Pep_1624,YVYQLVNNDHLDNSI,0.198,Non-Hemolytic
Pep_1625,YVYQLVNNDHLDNSIR,0.2,Non-Hemolytic
Pep_1626,YYDPWFLVG,0.29,Non-Hemolytic
Pep_1627,YYDPWFLVGV,0.395,Non-Hemolytic
Pep_1628,YYQGSCYIL,0.186,Non-Hemolytic
Pep_1629,YYQGSCYILHSDYKSF,0.374,Non-Hemolytic
