Subject,ML Score,MERCI Score,BLAST Score,Hybrid Score,Prediction
pep0,0.647,0,0,0.647,Toxin
pep1,0.629,0,0,0.629,Toxin
pep10,0.594,0,0,0.594,Non-Toxin
pep100,0.927,0,0,0.927,Toxin
pep1000,0.818,0,0,0.818,Toxin
pep1001,0.767,0,0,0.767,Toxin
pep1002,0.757,0,0,0.757,Toxin
pep1003,0.728,0,0,0.728,Toxin
pep1004,0.739,0,0,0.739,Toxin
pep1005,0.725,0,0,0.725,Toxin
pep1006,0.664,0,0,0.664,Toxin
pep1007,0.665,0,0,0.665,Toxin
pep1008,0.682,0,0,0.682,Toxin
pep1009,0.621,0,0,0.621,Toxin
pep101,0.885,0,0,0.885,Toxin
pep1010,0.574,0,0,0.574,Non-Toxin
pep1011,0.593,0,0,0.593,Non-Toxin
pep1012,0.554,0,0,0.554,Non-Toxin
pep1013,0.577,0,0,0.577,Non-Toxin
pep1014,0.575,0,0,0.575,Non-Toxin
pep1015,0.571,0,0,0.571,Non-Toxin
pep1016,0.594,0,0,0.594,Non-Toxin
pep1017,0.605,0,0,0.605,Toxin
pep1018,0.61,0,0,0.61,Toxin
pep1019,0.72,0,0,0.72,Toxin
pep102,0.864,0,0,0.864,Toxin
pep1020,0.674,0,0,0.674,Toxin
pep1021,0.628,0,0,0.628,Toxin
pep1022,0.667,0,0,0.667,Toxin
pep1023,0.633,0,0,0.633,Toxin
pep1024,0.65,0,0,0.65,Toxin
pep1025,0.664,0,0,0.664,Toxin
pep1026,0.653,0,0,0.653,Toxin
pep1027,0.652,0,0,0.652,Toxin
pep1028,0.609,0,0,0.609,Toxin
pep1029,0.572,0,0,0.572,Non-Toxin
pep103,0.826,0,0,0.826,Toxin
pep1030,0.578,0,0,0.578,Non-Toxin
pep1031,0.589,0,0,0.589,Non-Toxin
pep1032,0.637,0,0,0.637,Toxin
pep1033,0.672,0,0,0.672,Toxin
pep1034,0.665,0,0,0.665,Toxin
pep1035,0.665,0,0,0.665,Toxin
pep1036,0.604,0,0,0.604,Toxin
pep1037,0.631,0,0,0.631,Toxin
pep1038,0.638,0,0,0.638,Toxin
pep1039,0.627,0,0,0.627,Toxin
pep104,0.829,0,0,0.829,Toxin
pep1040,0.643,0,0,0.643,Toxin
pep1041,0.633,0,0,0.633,Toxin
pep1042,0.645,0,0,0.645,Toxin
pep1043,0.654,0,0,0.654,Toxin
pep1044,0.594,0,0,0.594,Non-Toxin
pep1045,0.678,0,0,0.678,Toxin
pep1046,0.683,0,0,0.683,Toxin
pep1047,0.659,0,0,0.659,Toxin
pep1048,0.787,0,0,0.787,Toxin
pep1049,0.748,0,0,0.748,Toxin
pep105,0.844,0,0,0.844,Toxin
pep1050,0.746,0,0,0.746,Toxin
pep1051,0.782,0,0,0.782,Toxin
pep1052,0.82,0,0,0.82,Toxin
pep1053,0.825,0,0,0.825,Toxin
pep1054,0.709,0,0,0.709,Toxin
pep1055,0.719,0,0,0.719,Toxin
pep1056,0.712,0,0,0.712,Toxin
pep1057,0.717,0,0,0.717,Toxin
pep1058,0.696,0,0,0.696,Toxin
pep1059,0.888,0,0,0.888,Toxin
pep106,0.869,0,0,0.869,Toxin
pep1060,0.893,0,0,0.893,Toxin
pep1061,0.89,0,0,0.89,Toxin
pep1062,0.872,0,0,0.872,Toxin
pep1063,0.858,0,0,0.858,Toxin
pep1064,0.832,0,0,0.832,Toxin
pep1065,0.808,0,0,0.808,Toxin
pep1066,0.778,0,0,0.778,Toxin
pep1067,0.764,0,0,0.764,Toxin
pep1068,0.739,0,0,0.739,Toxin
pep1069,0.75,0,0,0.75,Toxin
pep107,0.649,0,0,0.649,Toxin
pep1070,0.727,0,0,0.727,Toxin
pep1071,0.743,0,0,0.743,Toxin
pep1072,0.716,0,0,0.716,Toxin
pep1073,0.715,0,0,0.715,Toxin
pep1074,0.727,0,0,0.727,Toxin
pep1075,0.671,0,0,0.671,Toxin
pep1076,0.688,0,0,0.688,Toxin
pep1077,0.64,0,0,0.64,Toxin
pep1078,0.643,0,0,0.643,Toxin
pep1079,0.519,0,0,0.519,Non-Toxin
pep108,0.611,0,0,0.611,Toxin
pep1080,0.696,0,0,0.696,Toxin
pep1081,0.698,0,0,0.698,Toxin
pep1082,0.61,0,0,0.61,Toxin
pep1083,0.598,0,0,0.598,Non-Toxin
pep1084,0.605,0,0,0.605,Toxin
pep1085,0.635,0,0,0.635,Toxin
pep1086,0.657,0,0,0.657,Toxin
pep1087,0.717,0,0,0.717,Toxin
pep1088,0.716,0,0,0.716,Toxin
pep1089,0.724,0,0,0.724,Toxin
pep109,0.727,0,0,0.727,Toxin
pep1090,0.734,0,0,0.734,Toxin
pep1091,0.724,0,0,0.724,Toxin
pep1092,0.742,0,0,0.742,Toxin
pep1093,0.738,0,0,0.738,Toxin
pep1094,0.716,0,0,0.716,Toxin
pep1095,0.639,0,0,0.639,Toxin
pep1096,0.609,0,0,0.609,Toxin
pep1097,0.589,0,0,0.589,Non-Toxin
pep1098,0.619,0,0,0.619,Toxin
pep1099,0.571,0,0,0.571,Non-Toxin
pep11,0.6,0,0,0.6,Non-Toxin
pep110,0.696,0,0,0.696,Toxin
pep1100,0.612,0,0,0.612,Toxin
pep1101,0.622,0,0,0.622,Toxin
pep1102,0.611,0,0,0.611,Toxin
pep1103,0.568,0,0,0.568,Non-Toxin
pep1104,0.582,0,0,0.582,Non-Toxin
pep1105,0.73,0,0,0.73,Toxin
pep1106,0.769,0,0,0.769,Toxin
pep1107,0.749,0,0,0.749,Toxin
pep1108,0.66,0,0,0.66,Toxin
pep1109,0.715,0,0,0.715,Toxin
pep111,0.699,0,0,0.699,Toxin
pep1110,0.714,0,0,0.714,Toxin
pep1111,0.642,0,0,0.642,Toxin
pep1112,0.638,0,0,0.638,Toxin
pep1113,0.627,0,0,0.627,Toxin
pep1114,0.63,0,0,0.63,Toxin
pep1115,0.636,0,0,0.636,Toxin
pep1116,0.65,0,0,0.65,Toxin
pep1117,0.65,0,0,0.65,Toxin
pep1118,0.642,0,0,0.642,Toxin
pep1119,0.655,0,0,0.655,Toxin
pep112,0.695,0,0,0.695,Toxin
pep1120,0.661,0,0,0.661,Toxin
pep1121,0.654,0,0,0.654,Toxin
pep1122,0.657,0,0,0.657,Toxin
pep1123,0.872,0,0,0.872,Toxin
pep1124,0.847,0,0,0.847,Toxin
pep1125,0.828,0,0,0.828,Toxin
pep1126,0.811,0,0,0.811,Toxin
pep1127,0.812,0,0,0.812,Toxin
pep1128,0.805,0,0,0.805,Toxin
pep1129,0.806,0,0,0.806,Toxin
pep113,0.716,0,0,0.716,Toxin
pep1130,0.784,0,0,0.784,Toxin
pep1131,0.772,0,0,0.772,Toxin
pep1132,0.685,0,0,0.685,Toxin
pep1133,0.65,0,0,0.65,Toxin
pep1134,0.827,0,0,0.827,Toxin
pep1135,0.795,0,0,0.795,Toxin
pep1136,0.769,0,0,0.769,Toxin
pep1137,0.77,0,0,0.77,Toxin
pep1138,0.756,0,0,0.756,Toxin
pep1139,0.756,0,0,0.756,Toxin
pep114,0.671,0,0,0.671,Toxin
pep1140,0.765,0,0,0.765,Toxin
pep1141,0.745,0,0,0.745,Toxin
pep1142,0.744,0,0,0.744,Toxin
pep1143,0.746,0,0,0.746,Toxin
pep1144,0.744,0,0,0.744,Toxin
pep1145,0.668,0,0,0.668,Toxin
pep1146,0.666,0,0,0.666,Toxin
pep1147,0.644,0,0,0.644,Toxin
pep1148,0.645,0,0,0.645,Toxin
pep1149,0.652,0,0,0.652,Toxin
pep115,0.655,0,0,0.655,Toxin
pep1150,0.693,0,0,0.693,Toxin
pep1151,0.696,0,0,0.696,Toxin
pep1152,0.687,0,0,0.687,Toxin
pep1153,0.626,0,0,0.626,Toxin
pep1154,0.625,0,0,0.625,Toxin
pep1155,0.657,0,0,0.657,Toxin
pep1156,0.621,0,0,0.621,Toxin
pep1157,0.959,0,0,0.959,Toxin
pep1158,0.946,0,0,0.946,Toxin
pep1159,0.965,0,0,0.965,Toxin
pep116,0.68,0,0,0.68,Toxin
pep1160,0.958,0,0,0.958,Toxin
pep1161,0.929,0,0,0.929,Toxin
pep1162,0.895,0,0,0.895,Toxin
pep1163,0.866,0,0,0.866,Toxin
pep1164,0.872,0,0,0.872,Toxin
pep1165,0.864,0,0,0.864,Toxin
pep1166,0.87,0,0,0.87,Toxin
pep1167,0.881,0,0,0.881,Toxin
pep1168,0.743,0,0,0.743,Toxin
pep1169,0.887,0,0,0.887,Toxin
pep117,0.635,0,0,0.635,Toxin
pep1170,0.861,0,0,0.861,Toxin
pep1171,0.85,0,0,0.85,Toxin
pep1172,0.849,0,0,0.849,Toxin
pep1173,0.853,0,0,0.853,Toxin
pep1174,0.824,0,0,0.824,Toxin
pep1175,0.83,0,0,0.83,Toxin
pep1176,0.846,0,0,0.846,Toxin
pep1177,0.873,0,0,0.873,Toxin
pep1178,0.878,0,0,0.878,Toxin
pep1179,0.898,0,0,0.898,Toxin
pep118,0.647,0,0,0.647,Toxin
pep1180,0.886,0,0,0.886,Toxin
pep1181,0.895,0,0,0.895,Toxin
pep1182,0.949,0,0,0.949,Toxin
pep1183,0.943,0,0,0.943,Toxin
pep1184,0.924,0,0,0.924,Toxin
pep1185,0.913,0,0,0.913,Toxin
pep1186,0.914,0,0,0.914,Toxin
pep1187,0.886,0,0,0.886,Toxin
pep1188,0.673,0,0,0.673,Toxin
pep1189,0.66,0,0,0.66,Toxin
pep119,0.631,0,0,0.631,Toxin
pep1190,0.658,0,0,0.658,Toxin
pep1191,0.653,0,0,0.653,Toxin
pep1192,0.727,0,0,0.727,Toxin
pep1193,0.713,0,0,0.713,Toxin
pep1194,0.708,0,0,0.708,Toxin
pep1195,0.74,0,0,0.74,Toxin
pep1196,0.745,0,0,0.745,Toxin
pep1197,0.753,0,0,0.753,Toxin
pep1198,0.666,0,0,0.666,Toxin
pep1199,0.672,0,0,0.672,Toxin
pep12,0.559,0,0,0.559,Non-Toxin
pep120,0.637,0,0,0.637,Toxin
pep1200,0.649,0,0,0.649,Toxin
pep1201,0.648,0,0,0.648,Toxin
pep1202,0.576,0,0,0.576,Non-Toxin
pep1203,0.589,0,0,0.589,Non-Toxin
pep1204,0.552,0,0,0.552,Non-Toxin
pep1205,0.569,0,0,0.569,Non-Toxin
pep1206,0.581,0,0,0.581,Non-Toxin
pep1207,0.61,0,0,0.61,Toxin
pep1208,0.622,0,0,0.622,Toxin
pep1209,0.589,0,0,0.589,Non-Toxin
pep121,0.636,0,0,0.636,Toxin
pep1210,0.593,0,0,0.593,Non-Toxin
pep1211,0.597,0,0,0.597,Non-Toxin
pep1212,0.608,0,0,0.608,Toxin
pep1213,0.629,0,0,0.629,Toxin
pep1214,0.646,0,0,0.646,Toxin
pep1215,0.631,0,0,0.631,Toxin
pep1216,0.65,0,0,0.65,Toxin
pep1217,0.628,0,0,0.628,Toxin
pep1218,0.604,0,0,0.604,Toxin
pep1219,0.712,0,0,0.712,Toxin
pep122,0.494,0,0,0.494,Non-Toxin
pep1220,0.734,0,0,0.734,Toxin
pep1221,0.713,0,0,0.713,Toxin
pep1222,0.652,0,0,0.652,Toxin
pep1223,0.697,0,0,0.697,Toxin
pep1224,0.65,0,0,0.65,Toxin
pep1225,0.653,0,0,0.653,Toxin
pep1226,0.659,0,0,0.659,Toxin
pep1227,0.653,0,0,0.653,Toxin
pep1228,0.64,0,0,0.64,Toxin
pep1229,0.61,0,0,0.61,Toxin
pep123,0.491,0,0,0.491,Non-Toxin
pep1230,0.592,0,0,0.592,Non-Toxin
pep1231,0.589,0,0,0.589,Non-Toxin
pep1232,0.7,0,0,0.7,Toxin
pep1233,0.698,0,0,0.698,Toxin
pep1234,0.608,0,0,0.608,Toxin
pep1235,0.596,0,0,0.596,Non-Toxin
pep1236,0.597,0,0,0.597,Non-Toxin
pep1237,0.633,0,0,0.633,Toxin
pep1238,0.676,0,0,0.676,Toxin
pep1239,0.684,0,0,0.684,Toxin
pep124,0.495,0,0,0.495,Non-Toxin
pep1240,0.67,0,0,0.67,Toxin
pep1241,0.661,0,0,0.661,Toxin
pep1242,0.673,0,0,0.673,Toxin
pep1243,0.703,0,0,0.703,Toxin
pep1244,0.71,0,0,0.71,Toxin
pep1245,0.69,0,0,0.69,Toxin
pep1246,0.645,0,0,0.645,Toxin
pep1247,0.619,0,0,0.619,Toxin
pep1248,0.655,0,0,0.655,Toxin
pep1249,0.672,0,0,0.672,Toxin
pep125,0.561,0,0,0.561,Non-Toxin
pep1250,0.656,0,0,0.656,Toxin
pep1251,0.65,0,0,0.65,Toxin
pep1252,0.661,0,0,0.661,Toxin
pep1253,0.723,0,0,0.723,Toxin
pep1254,0.711,0,0,0.711,Toxin
pep1255,0.713,0,0,0.713,Toxin
pep1256,0.75,0,0,0.75,Toxin
pep1257,0.756,0,0,0.756,Toxin
pep1258,0.763,0,0,0.763,Toxin
pep1259,0.672,0,0,0.672,Toxin
pep126,0.594,0,0,0.594,Non-Toxin
pep1260,0.676,0,0,0.676,Toxin
pep1261,0.538,0,0,0.538,Non-Toxin
pep1262,0.565,0,0,0.565,Non-Toxin
pep1263,0.567,0,0,0.567,Non-Toxin
pep1264,0.561,0,0,0.561,Non-Toxin
pep1265,0.56,0,0,0.56,Non-Toxin
pep1266,0.596,0,0,0.596,Non-Toxin
pep1267,0.927,0,0,0.927,Toxin
pep1268,0.934,0,0,0.934,Toxin
pep1269,0.93,0,0,0.93,Toxin
pep127,0.957,0,0,0.957,Toxin
pep1270,0.928,0,0,0.928,Toxin
pep1271,0.911,0,0,0.911,Toxin
pep1272,0.866,0,0,0.866,Toxin
pep1273,0.846,0,0,0.846,Toxin
pep1274,0.809,0,0,0.809,Toxin
pep1275,0.797,0,0,0.797,Toxin
pep1276,0.777,0,0,0.777,Toxin
pep1277,0.785,0,0,0.785,Toxin
pep1278,0.577,0,0,0.577,Non-Toxin
pep1279,0.589,0,0,0.589,Non-Toxin
pep128,0.954,0,0,0.954,Toxin
pep1280,0.582,0,0,0.582,Non-Toxin
pep1281,0.637,0,0,0.637,Toxin
pep1282,0.609,0,0,0.609,Toxin
pep1283,0.566,0,0,0.566,Non-Toxin
pep1284,0.576,0,0,0.576,Non-Toxin
pep1285,0.573,0,0,0.573,Non-Toxin
pep1286,0.575,0,0,0.575,Non-Toxin
pep1287,0.584,0,0,0.584,Non-Toxin
pep1288,0.59,0,0,0.59,Non-Toxin
pep1289,0.596,0,0,0.596,Non-Toxin
pep129,0.957,0,0,0.957,Toxin
pep1290,0.73,0,0,0.73,Toxin
pep1291,0.638,0,0,0.638,Toxin
pep1292,0.611,0,0,0.611,Toxin
pep1293,0.745,0,0,0.745,Toxin
pep1294,0.711,0,0,0.711,Toxin
pep1295,0.703,0,0,0.703,Toxin
pep1296,0.706,0,0,0.706,Toxin
pep1297,0.703,0,0,0.703,Toxin
pep1298,0.573,0,0,0.573,Non-Toxin
pep1299,0.554,0,0,0.554,Non-Toxin
pep13,0.552,0,0,0.552,Non-Toxin
pep130,0.959,0,0,0.959,Toxin
pep1300,0.519,0,0,0.519,Non-Toxin
pep1301,0.504,0,0,0.504,Non-Toxin
pep1302,0.475,0,0,0.475,Non-Toxin
pep1303,0.486,0,0,0.486,Non-Toxin
pep1304,0.513,0,0,0.513,Non-Toxin
pep1305,0.512,0,0,0.512,Non-Toxin
pep1306,0.514,0,0,0.514,Non-Toxin
pep1307,0.525,0,0,0.525,Non-Toxin
pep1308,0.547,0,0,0.547,Non-Toxin
pep1309,0.562,0,0,0.562,Non-Toxin
pep131,0.948,0,0,0.948,Toxin
pep1310,0.574,0,0,0.574,Non-Toxin
pep1311,0.823,0,0,0.823,Toxin
pep1312,0.794,0,0,0.794,Toxin
pep1313,0.788,0,0,0.788,Toxin
pep1314,0.778,0,0,0.778,Toxin
pep1315,0.711,0,0,0.711,Toxin
pep1316,0.7,0,0,0.7,Toxin
pep1317,0.697,0,0,0.697,Toxin
pep1318,0.698,0,0,0.698,Toxin
pep1319,0.519,0,0,0.519,Non-Toxin
pep132,0.911,0,0,0.911,Toxin
pep1320,0.518,0,0,0.518,Non-Toxin
pep1321,0.522,0,0,0.522,Non-Toxin
pep1322,0.505,0,0,0.505,Non-Toxin
pep1323,0.523,0,0,0.523,Non-Toxin
pep1324,0.519,0,0,0.519,Non-Toxin
pep1325,0.534,0,0,0.534,Non-Toxin
pep1326,0.55,0,0,0.55,Non-Toxin
pep1327,0.711,0,0,0.711,Toxin
pep1328,0.777,0,0,0.777,Toxin
pep1329,0.752,0,0,0.752,Toxin
pep133,0.866,0,0,0.866,Toxin
pep1330,0.713,0,0,0.713,Toxin
pep1331,0.744,0,0,0.744,Toxin
pep1332,0.685,0,0,0.685,Toxin
pep1333,0.708,0,0,0.708,Toxin
pep1334,0.693,0,0,0.693,Toxin
pep1335,0.704,0,0,0.704,Toxin
pep1336,0.701,0,0,0.701,Toxin
pep1337,0.682,0,0,0.682,Toxin
pep1338,0.676,0,0,0.676,Toxin
pep1339,0.623,0,0,0.623,Toxin
pep134,0.882,0,0,0.882,Toxin
pep1340,0.607,0,0,0.607,Toxin
pep1341,0.639,0,0,0.639,Toxin
pep1342,0.629,0,0,0.629,Toxin
pep1343,0.628,0,0,0.628,Toxin
pep1344,0.734,0,0,0.734,Toxin
pep1345,0.764,0,0,0.764,Toxin
pep1346,0.725,0,0,0.725,Toxin
pep1347,0.646,0,0,0.646,Toxin
pep1348,0.672,0,0,0.672,Toxin
pep1349,0.632,0,0,0.632,Toxin
pep135,0.884,0,0,0.884,Toxin
pep1350,0.648,0,0,0.648,Toxin
pep1351,0.665,0,0,0.665,Toxin
pep1352,0.671,0,0,0.671,Toxin
pep1353,0.673,0,0,0.673,Toxin
pep1354,0.688,0,0,0.688,Toxin
pep1355,0.683,0,0,0.683,Toxin
pep1356,0.618,0,0,0.618,Toxin
pep1357,0.594,0,0,0.594,Non-Toxin
pep1358,0.616,0,0,0.616,Toxin
pep1359,0.588,0,0,0.588,Non-Toxin
pep136,0.882,0,0,0.882,Toxin
pep1360,0.605,0,0,0.605,Toxin
pep1361,0.626,0,0,0.626,Toxin
pep1362,0.617,0,0,0.617,Toxin
pep1363,0.704,0,0,0.704,Toxin
pep1364,0.882,0,0,0.882,Toxin
pep1365,0.859,0,0,0.859,Toxin
pep1366,0.843,0,0,0.843,Toxin
pep1367,0.853,0,0,0.853,Toxin
pep1368,0.841,0,0,0.841,Toxin
pep1369,0.613,0,0,0.613,Toxin
pep137,0.879,0,0,0.879,Toxin
pep1370,0.564,0,0,0.564,Non-Toxin
pep1371,0.591,0,0,0.591,Non-Toxin
pep1372,0.574,0,0,0.574,Non-Toxin
pep1373,0.568,0,0,0.568,Non-Toxin
pep1374,0.576,0,0,0.576,Non-Toxin
pep1375,0.573,0,0,0.573,Non-Toxin
pep1376,0.594,0,0,0.594,Non-Toxin
pep1377,0.597,0,0,0.597,Non-Toxin
pep1378,0.639,0,0,0.639,Toxin
pep1379,0.619,0,0,0.619,Toxin
pep138,0.852,0,0,0.852,Toxin
pep1380,0.642,0,0,0.642,Toxin
pep1381,0.64,0,0,0.64,Toxin
pep1382,0.51,0,0,0.51,Non-Toxin
pep1383,0.517,0,0,0.517,Non-Toxin
pep1384,0.634,0,0,0.634,Toxin
pep1385,0.634,0,0,0.634,Toxin
pep1386,0.619,0,0,0.619,Toxin
pep1387,0.607,0,0,0.607,Toxin
pep1388,0.605,0,0,0.605,Toxin
pep1389,0.598,0,0,0.598,Non-Toxin
pep139,0.498,0,0,0.498,Non-Toxin
pep1390,0.569,0,0,0.569,Non-Toxin
pep1391,0.603,0,0,0.603,Toxin
pep1392,0.591,0,0,0.591,Non-Toxin
pep1393,0.566,0,0,0.566,Non-Toxin
pep1394,0.62,0,0,0.62,Toxin
pep1395,0.622,0,0,0.622,Toxin
pep1396,0.651,0,0,0.651,Toxin
pep1397,0.705,0,0,0.705,Toxin
pep1398,0.661,0,0,0.661,Toxin
pep1399,0.68,0,0,0.68,Toxin
pep14,0.601,0,0,0.601,Toxin
pep140,0.527,0,0,0.527,Non-Toxin
pep1400,0.691,0,0,0.691,Toxin
pep1401,0.694,0,0,0.694,Toxin
pep1402,0.699,0,0,0.699,Toxin
pep1403,0.693,0,0,0.693,Toxin
pep1404,0.688,0,0,0.688,Toxin
pep1405,0.688,0,0,0.688,Toxin
pep1406,0.642,0,0,0.642,Toxin
pep1407,0.598,0,0,0.598,Non-Toxin
pep1408,0.638,0,0,0.638,Toxin
pep1409,0.604,0,0,0.604,Toxin
pep141,0.534,0,0,0.534,Non-Toxin
pep1410,0.835,0,0,0.835,Toxin
pep1411,0.84,0,0,0.84,Toxin
pep1412,0.841,0,0,0.841,Toxin
pep1413,0.846,0,0,0.846,Toxin
pep1414,0.843,0,0,0.843,Toxin
pep1415,0.818,0,0,0.818,Toxin
pep1416,0.774,0,0,0.774,Toxin
pep1417,0.73,0,0,0.73,Toxin
pep1418,0.694,0,0,0.694,Toxin
pep1419,0.691,0,0,0.691,Toxin
pep142,0.543,0,0,0.543,Non-Toxin
pep1420,0.673,0,0,0.673,Toxin
pep1421,0.687,0,0,0.687,Toxin
pep1422,0.702,0,0,0.702,Toxin
pep1423,0.657,0,0,0.657,Toxin
pep1424,0.619,0,0,0.619,Toxin
pep1425,0.569,0,0,0.569,Non-Toxin
pep1426,0.586,0,0,0.586,Non-Toxin
pep1427,0.559,0,0,0.559,Non-Toxin
pep1428,0.565,0,0,0.565,Non-Toxin
pep1429,0.567,0,0,0.567,Non-Toxin
pep143,0.544,0,0,0.544,Non-Toxin
pep1430,0.569,0,0,0.569,Non-Toxin
pep1431,0.557,0,0,0.557,Non-Toxin
pep1432,0.57,0,0,0.57,Non-Toxin
pep1433,0.58,0,0,0.58,Non-Toxin
pep1434,0.608,0,0,0.608,Toxin
pep1435,0.579,0,0,0.579,Non-Toxin
pep1436,0.668,0,0,0.668,Toxin
pep1437,0.655,0,0,0.655,Toxin
pep1438,0.651,0,0,0.651,Toxin
pep1439,0.651,0,0,0.651,Toxin
pep144,0.587,0,0,0.587,Non-Toxin
pep1440,0.685,0,0,0.685,Toxin
pep1441,0.638,0,0,0.638,Toxin
pep1442,0.601,0,0,0.601,Toxin
pep1443,0.605,0,0,0.605,Toxin
pep1444,0.601,0,0,0.601,Toxin
pep1445,0.608,0,0,0.608,Toxin
pep1446,0.62,0,0,0.62,Toxin
pep1447,0.597,0,0,0.597,Non-Toxin
pep1448,0.599,0,0,0.599,Non-Toxin
pep1449,0.557,0,0,0.557,Non-Toxin
pep145,0.584,0,0,0.584,Non-Toxin
pep1450,0.566,0,0,0.566,Non-Toxin
pep1451,0.564,0,0,0.564,Non-Toxin
pep1452,0.563,0,0,0.563,Non-Toxin
pep1453,0.575,0,0,0.575,Non-Toxin
pep1454,0.579,0,0,0.579,Non-Toxin
pep1455,0.592,0,0,0.592,Non-Toxin
pep1456,0.586,0,0,0.586,Non-Toxin
pep1457,0.589,0,0,0.589,Non-Toxin
pep1458,0.596,0,0,0.596,Non-Toxin
pep1459,0.594,0,0,0.594,Non-Toxin
pep146,0.588,0,0,0.588,Non-Toxin
pep1460,0.601,0,0,0.601,Toxin
pep1461,0.607,0,0,0.607,Toxin
pep1462,0.516,0,0,0.516,Non-Toxin
pep1463,0.536,0,0,0.536,Non-Toxin
pep1464,0.536,0,0,0.536,Non-Toxin
pep1465,0.535,0,0,0.535,Non-Toxin
pep1466,0.541,0,0,0.541,Non-Toxin
pep1467,0.584,0,0,0.584,Non-Toxin
pep1468,0.582,0,0,0.582,Non-Toxin
pep1469,0.885,0,0,0.885,Toxin
pep147,0.72,0,0,0.72,Toxin
pep1470,0.883,0,0,0.883,Toxin
pep1471,0.897,0,0,0.897,Toxin
pep1472,0.884,0,0,0.884,Toxin
pep1473,0.891,0,0,0.891,Toxin
pep1474,0.855,0,0,0.855,Toxin
pep1475,0.842,0,0,0.842,Toxin
pep1476,0.797,0,0,0.797,Toxin
pep1477,0.759,0,0,0.759,Toxin
pep1478,0.748,0,0,0.748,Toxin
pep1479,0.687,0,0,0.687,Toxin
pep148,0.876,0,0,0.876,Toxin
pep1480,0.678,0,0,0.678,Toxin
pep1481,0.674,0,0,0.674,Toxin
pep1482,0.556,0,0,0.556,Non-Toxin
pep1483,0.549,0,0,0.549,Non-Toxin
pep1484,0.554,0,0,0.554,Non-Toxin
pep1485,0.507,0,0,0.507,Non-Toxin
pep1486,0.495,0,0,0.495,Non-Toxin
pep1487,0.497,0,0,0.497,Non-Toxin
pep1488,0.479,0,0,0.479,Non-Toxin
pep1489,0.49,0,0,0.49,Non-Toxin
pep149,0.888,0,0,0.888,Toxin
pep1490,0.495,0,0,0.495,Non-Toxin
pep1491,0.493,0,0,0.493,Non-Toxin
pep1492,0.719,0,0,0.719,Toxin
pep1493,0.734,0,0,0.734,Toxin
pep1494,0.743,0,0,0.743,Toxin
pep1495,0.752,0,0,0.752,Toxin
pep1496,0.72,0,0,0.72,Toxin
pep1497,0.794,0,0,0.794,Toxin
pep1498,0.698,0,0,0.698,Toxin
pep1499,0.696,0,0,0.696,Toxin
pep15,0.618,0,0,0.618,Toxin
pep150,0.882,0,0,0.882,Toxin
pep1500,0.622,0,0,0.622,Toxin
pep1501,0.601,0,0,0.601,Toxin
pep1502,0.598,0,0,0.598,Non-Toxin
pep1503,0.628,0,0,0.628,Toxin
pep1504,0.653,0,0,0.653,Toxin
pep1505,0.636,0,0,0.636,Toxin
pep1506,0.732,0,0,0.732,Toxin
pep1507,0.7,0,0,0.7,Toxin
pep1508,0.705,0,0,0.705,Toxin
pep1509,0.721,0,0,0.721,Toxin
pep151,0.879,0,0,0.879,Toxin
pep1510,0.651,0,0,0.651,Toxin
pep1511,0.712,0,0,0.712,Toxin
pep1512,0.735,0,0,0.735,Toxin
pep1513,0.715,0,0,0.715,Toxin
pep1514,0.738,0,0,0.738,Toxin
pep1515,0.734,0,0,0.734,Toxin
pep1516,0.731,0,0,0.731,Toxin
pep1517,0.747,0,0,0.747,Toxin
pep1518,0.732,0,0,0.732,Toxin
pep1519,0.663,0,0,0.663,Toxin
pep152,0.845,0,0,0.845,Toxin
pep1520,0.625,0,0,0.625,Toxin
pep1521,0.608,0,0,0.608,Toxin
pep1522,0.631,0,0,0.631,Toxin
pep1523,0.568,0,0,0.568,Non-Toxin
pep1524,0.592,0,0,0.592,Non-Toxin
pep1525,0.611,0,0,0.611,Toxin
pep1526,0.595,0,0,0.595,Non-Toxin
pep1527,0.537,0,0,0.537,Non-Toxin
pep1528,0.543,0,0,0.543,Non-Toxin
pep1529,0.515,0,0,0.515,Non-Toxin
pep153,0.818,0,0,0.818,Toxin
pep1530,0.676,0,0,0.676,Toxin
pep1531,0.644,0,0,0.644,Toxin
pep1532,0.673,0,0,0.673,Toxin
pep1533,0.618,0,0,0.618,Toxin
pep1534,0.652,0,0,0.652,Toxin
pep1535,0.625,0,0,0.625,Toxin
pep1536,0.61,0,0,0.61,Toxin
pep1537,0.622,0,0,0.622,Toxin
pep1538,0.617,0,0,0.617,Toxin
pep1539,0.593,0,0,0.593,Non-Toxin
pep154,0.772,0,0,0.772,Toxin
pep1540,0.606,0,0,0.606,Toxin
pep1541,0.598,0,0,0.598,Non-Toxin
pep1542,0.61,0,0,0.61,Toxin
pep1543,0.638,0,0,0.638,Toxin
pep1544,0.642,0,0,0.642,Toxin
pep1545,0.658,0,0,0.658,Toxin
pep1546,0.667,0,0,0.667,Toxin
pep1547,0.694,0,0,0.694,Toxin
pep1548,0.702,0,0,0.702,Toxin
pep1549,0.647,0,0,0.647,Toxin
pep155,0.776,0,0,0.776,Toxin
pep1550,0.642,0,0,0.642,Toxin
pep1551,0.643,0,0,0.643,Toxin
pep1552,0.657,0,0,0.657,Toxin
pep1553,0.662,0,0,0.662,Toxin
pep1554,0.684,0,0,0.684,Toxin
pep1555,0.708,0,0,0.708,Toxin
pep1556,0.649,0,0,0.649,Toxin
pep1557,0.645,0,0,0.645,Toxin
pep1558,0.613,0,0,0.613,Toxin
pep1559,0.563,0,0,0.563,Non-Toxin
pep156,0.744,0,0,0.744,Toxin
pep1560,0.57,0,0,0.57,Non-Toxin
pep1561,0.584,0,0,0.584,Non-Toxin
pep1562,0.601,0,0,0.601,Toxin
pep1563,0.605,0,0,0.605,Toxin
pep1564,0.615,0,0,0.615,Toxin
pep1565,0.602,0,0,0.602,Toxin
pep1566,0.677,0,0,0.677,Toxin
pep1567,0.675,0,0,0.675,Toxin
pep1568,0.675,0,0,0.675,Toxin
pep1569,0.676,0,0,0.676,Toxin
pep157,0.732,0,0,0.732,Toxin
pep1570,0.669,0,0,0.669,Toxin
pep1571,0.669,0,0,0.669,Toxin
pep1572,0.659,0,0,0.659,Toxin
pep1573,0.65,0,0,0.65,Toxin
pep1574,0.704,0,0,0.704,Toxin
pep1575,0.672,0,0,0.672,Toxin
pep1576,0.884,0,0,0.884,Toxin
pep1577,0.888,0,0,0.888,Toxin
pep1578,0.901,0,0,0.901,Toxin
pep1579,0.881,0,0,0.881,Toxin
pep158,0.737,0,0,0.737,Toxin
pep1580,0.858,0,0,0.858,Toxin
pep1581,0.818,0,0,0.818,Toxin
pep1582,0.787,0,0,0.787,Toxin
pep1583,0.772,0,0,0.772,Toxin
pep1584,0.737,0,0,0.737,Toxin
pep1585,0.725,0,0,0.725,Toxin
pep1586,0.725,0,0,0.725,Toxin
pep1587,0.746,0,0,0.746,Toxin
pep1588,0.77,0,0,0.77,Toxin
pep1589,0.757,0,0,0.757,Toxin
pep159,0.739,0,0,0.739,Toxin
pep1590,0.697,0,0,0.697,Toxin
pep1591,0.707,0,0,0.707,Toxin
pep1592,0.664,0,0,0.664,Toxin
pep1593,0.659,0,0,0.659,Toxin
pep1594,0.666,0,0,0.666,Toxin
pep1595,0.659,0,0,0.659,Toxin
pep1596,0.656,0,0,0.656,Toxin
pep1597,0.619,0,0,0.619,Toxin
pep1598,0.601,0,0,0.601,Toxin
pep1599,0.647,0,0,0.647,Toxin
pep16,0.622,0,0,0.622,Toxin
pep160,0.546,0,0,0.546,Non-Toxin
pep1600,0.615,0,0,0.615,Toxin
pep1601,0.594,0,0,0.594,Non-Toxin
pep1602,0.556,0,0,0.556,Non-Toxin
pep1603,0.54,0,0,0.54,Non-Toxin
pep1604,0.486,0,0,0.486,Non-Toxin
pep1605,0.513,0,0,0.513,Non-Toxin
pep1606,0.524,0,0,0.524,Non-Toxin
pep1607,0.524,0,0,0.524,Non-Toxin
pep1608,0.524,0,0,0.524,Non-Toxin
pep1609,0.542,0,0,0.542,Non-Toxin
pep161,0.562,0,0,0.562,Non-Toxin
pep1610,0.567,0,0,0.567,Non-Toxin
pep1611,0.582,0,0,0.582,Non-Toxin
pep1612,0.646,0,0,0.646,Toxin
pep1613,0.643,0,0,0.643,Toxin
pep1614,0.652,0,0,0.652,Toxin
pep1615,0.645,0,0,0.645,Toxin
pep1616,0.625,0,0,0.625,Toxin
pep1617,0.633,0,0,0.633,Toxin
pep1618,0.608,0,0,0.608,Toxin
pep1619,0.622,0,0,0.622,Toxin
pep162,0.556,0,0,0.556,Non-Toxin
pep1620,0.625,0,0,0.625,Toxin
pep1621,0.627,0,0,0.627,Toxin
pep1622,0.609,0,0,0.609,Toxin
pep1623,0.654,0,0,0.654,Toxin
pep1624,0.651,0,0,0.651,Toxin
pep1625,0.726,0,0,0.726,Toxin
pep1626,0.753,0,0,0.753,Toxin
pep1627,0.753,0,0,0.753,Toxin
pep1628,0.742,0,0,0.742,Toxin
pep1629,0.678,0,0,0.678,Toxin
pep163,0.59,0,0,0.59,Non-Toxin
pep1630,0.603,0,0,0.603,Toxin
pep1631,0.755,0,0,0.755,Toxin
pep1632,0.753,0,0,0.753,Toxin
pep1633,0.744,0,0,0.744,Toxin
pep1634,0.726,0,0,0.726,Toxin
pep1635,0.734,0,0,0.734,Toxin
pep1636,0.733,0,0,0.733,Toxin
pep1637,0.775,0,0,0.775,Toxin
pep1638,0.756,0,0,0.756,Toxin
pep1639,0.676,0,0,0.676,Toxin
pep164,0.591,0,0,0.591,Non-Toxin
pep1640,0.679,0,0,0.679,Toxin
pep1641,0.748,0,0,0.748,Toxin
pep1642,0.744,0,0,0.744,Toxin
pep1643,0.751,0,0,0.751,Toxin
pep1644,0.777,0,0,0.777,Toxin
pep1645,0.755,0,0,0.755,Toxin
pep1646,0.839,0,0,0.839,Toxin
pep1647,0.838,0,0,0.838,Toxin
pep1648,0.831,0,0,0.831,Toxin
pep1649,0.801,0,0,0.801,Toxin
pep165,0.606,0,0,0.606,Toxin
pep1650,0.712,0,0,0.712,Toxin
pep1651,0.708,0,0,0.708,Toxin
pep1652,0.669,0,0,0.669,Toxin
pep1653,0.679,0,0,0.679,Toxin
pep1654,0.682,0,0,0.682,Toxin
pep1655,0.695,0,0,0.695,Toxin
pep1656,0.7,0,0,0.7,Toxin
pep1657,0.715,0,0,0.715,Toxin
pep1658,0.709,0,0,0.709,Toxin
pep1659,0.643,0,0,0.643,Toxin
pep166,0.588,0,0,0.588,Non-Toxin
pep1660,0.913,0,0,0.913,Toxin
pep1661,0.929,0,0,0.929,Toxin
pep1662,0.933,0,0,0.933,Toxin
pep1663,0.928,0,0,0.928,Toxin
pep1664,0.932,0,0,0.932,Toxin
pep1665,0.892,0,0,0.892,Toxin
pep1666,0.866,0,0,0.866,Toxin
pep1667,0.812,0,0,0.812,Toxin
pep1668,0.807,0,0,0.807,Toxin
pep1669,0.787,0,0,0.787,Toxin
pep167,0.599,0,0,0.599,Non-Toxin
pep1670,0.783,0,0,0.783,Toxin
pep1671,0.79,0,0,0.79,Toxin
pep1672,0.699,0,0,0.699,Toxin
pep1673,0.706,0,0,0.706,Toxin
pep1674,0.68,0,0,0.68,Toxin
pep1675,0.706,0,0,0.706,Toxin
pep1676,0.706,0,0,0.706,Toxin
pep1677,0.735,0,0,0.735,Toxin
pep1678,0.722,0,0,0.722,Toxin
pep1679,0.716,0,0,0.716,Toxin
pep168,0.651,0,0,0.651,Toxin
pep1680,0.713,0,0,0.713,Toxin
pep1681,0.677,0,0,0.677,Toxin
pep1682,0.666,0,0,0.666,Toxin
pep1683,0.689,0,0,0.689,Toxin
pep1684,0.637,0,0,0.637,Toxin
pep1685,0.652,0,0,0.652,Toxin
pep1686,0.63,0,0,0.63,Toxin
pep1687,0.635,0,0,0.635,Toxin
pep1688,0.653,0,0,0.653,Toxin
pep1689,0.642,0,0,0.642,Toxin
pep169,0.672,0,0,0.672,Toxin
pep1690,0.708,0,0,0.708,Toxin
pep1691,0.828,0,0,0.828,Toxin
pep1692,0.852,0,0,0.852,Toxin
pep1693,0.833,0,0,0.833,Toxin
pep1694,0.821,0,0,0.821,Toxin
pep1695,0.742,0,0,0.742,Toxin
pep1696,0.753,0,0,0.753,Toxin
pep1697,0.715,0,0,0.715,Toxin
pep1698,0.723,0,0,0.723,Toxin
pep1699,0.694,0,0,0.694,Toxin
pep17,0.61,0,0,0.61,Toxin
pep170,0.597,0,0,0.597,Non-Toxin
pep1700,0.606,0,0,0.606,Toxin
pep1701,0.599,0,0,0.599,Non-Toxin
pep1702,0.592,0,0,0.592,Non-Toxin
pep1703,0.598,0,0,0.598,Non-Toxin
pep1704,0.717,0,0,0.717,Toxin
pep1705,0.758,0,0,0.758,Toxin
pep1706,0.742,0,0,0.742,Toxin
pep1707,0.717,0,0,0.717,Toxin
pep1708,0.647,0,0,0.647,Toxin
pep1709,0.569,0,0,0.569,Non-Toxin
pep171,0.606,0,0,0.606,Toxin
pep1710,0.75,0,0,0.75,Toxin
pep1711,0.735,0,0,0.735,Toxin
pep1712,0.742,0,0,0.742,Toxin
pep1713,0.709,0,0,0.709,Toxin
pep1714,0.719,0,0,0.719,Toxin
pep1715,0.742,0,0,0.742,Toxin
pep1716,0.496,0,0,0.496,Non-Toxin
pep1717,0.508,0,0,0.508,Non-Toxin
pep1718,0.51,0,0,0.51,Non-Toxin
pep1719,0.541,0,0,0.541,Non-Toxin
pep172,0.61,0,0,0.61,Toxin
pep1720,0.579,0,0,0.579,Non-Toxin
pep1721,0.611,0,0,0.611,Toxin
pep1722,0.678,0,0,0.678,Toxin
pep1723,0.719,0,0,0.719,Toxin
pep1724,0.761,0,0,0.761,Toxin
pep1725,0.742,0,0,0.742,Toxin
pep1726,0.66,0,0,0.66,Toxin
pep1727,0.676,0,0,0.676,Toxin
pep1728,0.649,0,0,0.649,Toxin
pep1729,0.729,0,0,0.729,Toxin
pep173,0.632,0,0,0.632,Toxin
pep1730,0.728,0,0,0.728,Toxin
pep1731,0.727,0,0,0.727,Toxin
pep1732,0.733,0,0,0.733,Toxin
pep1733,0.72,0,0,0.72,Toxin
pep1734,0.848,0,0,0.848,Toxin
pep1735,0.844,0,0,0.844,Toxin
pep1736,0.835,0,0,0.835,Toxin
pep1737,0.81,0,0,0.81,Toxin
pep1738,0.822,0,0,0.822,Toxin
pep1739,0.634,0,0,0.634,Toxin
pep174,0.637,0,0,0.637,Toxin
pep1740,0.62,0,0,0.62,Toxin
pep1741,0.625,0,0,0.625,Toxin
pep1742,0.594,0,0,0.594,Non-Toxin
pep1743,0.572,0,0,0.572,Non-Toxin
pep1744,0.556,0,0,0.556,Non-Toxin
pep1745,0.557,0,0,0.557,Non-Toxin
pep1746,0.554,0,0,0.554,Non-Toxin
pep1747,0.549,0,0,0.549,Non-Toxin
pep1748,0.538,0,0,0.538,Non-Toxin
pep1749,0.557,0,0,0.557,Non-Toxin
pep175,0.625,0,0,0.625,Toxin
pep1750,0.583,0,0,0.583,Non-Toxin
pep1751,0.604,0,0,0.604,Toxin
pep1752,0.557,0,0,0.557,Non-Toxin
pep1753,0.56,0,0,0.56,Non-Toxin
pep1754,0.569,0,0,0.569,Non-Toxin
pep1755,0.612,0,0,0.612,Toxin
pep1756,0.589,0,0,0.589,Non-Toxin
pep1757,0.564,0,0,0.564,Non-Toxin
pep1758,0.554,0,0,0.554,Non-Toxin
pep1759,0.576,0,0,0.576,Non-Toxin
pep176,0.604,0,0,0.604,Toxin
pep1760,0.571,0,0,0.571,Non-Toxin
pep1761,0.562,0,0,0.562,Non-Toxin
pep1762,0.566,0,0,0.566,Non-Toxin
pep1763,0.575,0,0,0.575,Non-Toxin
pep1764,0.596,0,0,0.596,Non-Toxin
pep1765,0.661,0,0,0.661,Toxin
pep1766,0.687,0,0,0.687,Toxin
pep1767,0.669,0,0,0.669,Toxin
pep1768,0.678,0,0,0.678,Toxin
pep1769,0.724,0,0,0.724,Toxin
pep177,0.623,0,0,0.623,Toxin
pep1770,0.734,0,0,0.734,Toxin
pep1771,0.671,0,0,0.671,Toxin
pep1772,0.673,0,0,0.673,Toxin
pep1773,0.644,0,0,0.644,Toxin
pep1774,0.629,0,0,0.629,Toxin
pep1775,0.601,0,0,0.601,Toxin
pep1776,0.545,0,0,0.545,Non-Toxin
pep1777,0.549,0,0,0.549,Non-Toxin
pep1778,0.567,0,0,0.567,Non-Toxin
pep1779,0.578,0,0,0.578,Non-Toxin
pep178,0.657,0,0,0.657,Toxin
pep1780,0.615,0,0,0.615,Toxin
pep1781,0.57,0,0,0.57,Non-Toxin
pep1782,0.613,0,0,0.613,Toxin
pep1783,0.576,0,0,0.576,Non-Toxin
pep1784,0.586,0,0,0.586,Non-Toxin
pep1785,0.586,0,0,0.586,Non-Toxin
pep1786,0.576,0,0,0.576,Non-Toxin
pep1787,0.599,0,0,0.599,Non-Toxin
pep1788,0.608,0,0,0.608,Toxin
pep1789,0.617,0,0,0.617,Toxin
pep179,0.652,0,0,0.652,Toxin
pep1790,0.614,0,0,0.614,Toxin
pep1791,0.613,0,0,0.613,Toxin
pep1792,0.614,0,0,0.614,Toxin
pep1793,0.695,0,0,0.695,Toxin
pep1794,0.722,0,0,0.722,Toxin
pep1795,0.429,0,0,0.429,Non-Toxin
pep1796,0.381,0,0,0.381,Non-Toxin
pep1797,0.662,0,0,0.662,Toxin
pep1798,0.587,0,0,0.587,Non-Toxin
pep1799,0.59,0,0,0.59,Non-Toxin
pep18,0.622,0,0,0.622,Toxin
pep180,0.657,0,0,0.657,Toxin
pep1800,0.616,0,0,0.616,Toxin
pep1801,0.632,0,0,0.632,Toxin
pep1802,0.654,0,0,0.654,Toxin
pep1803,0.665,0,0,0.665,Toxin
pep1804,0.643,0,0,0.643,Toxin
pep1805,0.621,0,0,0.621,Toxin
pep1806,0.636,0,0,0.636,Toxin
pep1807,0.656,0,0,0.656,Toxin
pep1808,0.651,0,0,0.651,Toxin
pep1809,0.652,0,0,0.652,Toxin
pep181,0.659,0,0,0.659,Toxin
pep1810,0.62,0,0,0.62,Toxin
pep1811,0.601,0,0,0.601,Toxin
pep1812,0.761,0,0,0.761,Toxin
pep1813,0.715,0,0,0.715,Toxin
pep1814,0.711,0,0,0.711,Toxin
pep1815,0.71,0,0,0.71,Toxin
pep1816,0.706,0,0,0.706,Toxin
pep1817,0.701,0,0,0.701,Toxin
pep1818,0.561,0,0,0.561,Non-Toxin
pep1819,0.553,0,0,0.553,Non-Toxin
pep182,0.657,0,0,0.657,Toxin
pep1820,0.564,0,0,0.564,Non-Toxin
pep1821,0.477,0,0,0.477,Non-Toxin
pep1822,0.705,0,0,0.705,Toxin
pep1823,0.712,0,0,0.712,Toxin
pep1824,0.678,0,0,0.678,Toxin
pep1825,0.675,0,0,0.675,Toxin
pep1826,0.69,0,0,0.69,Toxin
pep1827,0.675,0,0,0.675,Toxin
pep1828,0.709,0,0,0.709,Toxin
pep1829,0.717,0,0,0.717,Toxin
pep183,0.74,0,0,0.74,Toxin
pep1830,0.721,0,0,0.721,Toxin
pep1831,0.644,0,0,0.644,Toxin
pep1832,0.642,0,0,0.642,Toxin
pep1833,0.955,0,0,0.955,Toxin
pep1834,0.955,0,0,0.955,Toxin
pep1835,0.965,0,0,0.965,Toxin
pep1836,0.956,0,0,0.956,Toxin
pep1837,0.961,0,0,0.961,Toxin
pep1838,0.947,0,0,0.947,Toxin
pep1839,0.896,0,0,0.896,Toxin
pep184,0.746,0,0,0.746,Toxin
pep1840,0.899,0,0,0.899,Toxin
pep1841,0.881,0,0,0.881,Toxin
pep1842,0.882,0,0,0.882,Toxin
pep1843,0.888,0,0,0.888,Toxin
pep1844,0.833,0,0,0.833,Toxin
pep1845,0.832,0,0,0.832,Toxin
pep1846,0.708,0,0,0.708,Toxin
pep1847,0.701,0,0,0.701,Toxin
pep1848,0.659,0,0,0.659,Toxin
pep1849,0.652,0,0,0.652,Toxin
pep185,0.86,0,0,0.86,Toxin
pep1850,0.652,0,0,0.652,Toxin
pep1851,0.687,0,0,0.687,Toxin
pep1852,0.696,0,0,0.696,Toxin
pep1853,0.67,0,0,0.67,Toxin
pep1854,0.688,0,0,0.688,Toxin
pep1855,0.711,0,0,0.711,Toxin
pep1856,0.709,0,0,0.709,Toxin
pep1857,0.666,0,0,0.666,Toxin
pep1858,0.623,0,0,0.623,Toxin
pep1859,0.689,0,0,0.689,Toxin
pep186,0.87,0,0,0.87,Toxin
pep1860,0.675,0,0,0.675,Toxin
pep1861,0.606,0,0,0.606,Toxin
pep1862,0.607,0,0,0.607,Toxin
pep1863,0.607,0,0,0.607,Toxin
pep1864,0.622,0,0,0.622,Toxin
pep1865,0.639,0,0,0.639,Toxin
pep1866,0.613,0,0,0.613,Toxin
pep1867,0.616,0,0,0.616,Toxin
pep1868,0.643,0,0,0.643,Toxin
pep1869,0.691,0,0,0.691,Toxin
pep187,0.854,0,0,0.854,Toxin
pep1870,0.641,0,0,0.641,Toxin
pep1871,0.666,0,0,0.666,Toxin
pep1872,0.667,0,0,0.667,Toxin
pep1873,0.705,0,0,0.705,Toxin
pep1874,0.712,0,0,0.712,Toxin
pep1875,0.684,0,0,0.684,Toxin
pep1876,0.695,0,0,0.695,Toxin
pep1877,0.718,0,0,0.718,Toxin
pep1878,0.724,0,0,0.724,Toxin
pep1879,0.658,0,0,0.658,Toxin
pep188,0.843,0,0,0.843,Toxin
pep1880,0.677,0,0,0.677,Toxin
pep1881,0.684,0,0,0.684,Toxin
pep1882,0.917,0,0,0.917,Toxin
pep1883,0.922,0,0,0.922,Toxin
pep1884,0.927,0,0,0.927,Toxin
pep1885,0.942,0,0,0.942,Toxin
pep1886,0.939,0,0,0.939,Toxin
pep1887,0.92,0,0,0.92,Toxin
pep1888,0.897,0,0,0.897,Toxin
pep1889,0.84,0,0,0.84,Toxin
pep189,0.839,0,0,0.839,Toxin
pep1890,0.812,0,0,0.812,Toxin
pep1891,0.79,0,0,0.79,Toxin
pep1892,0.805,0,0,0.805,Toxin
pep1893,0.798,0,0,0.798,Toxin
pep1894,0.801,0,0,0.801,Toxin
pep1895,0.755,0,0,0.755,Toxin
pep1896,0.731,0,0,0.731,Toxin
pep1897,0.735,0,0,0.735,Toxin
pep1898,0.762,0,0,0.762,Toxin
pep1899,0.81,0,0,0.81,Toxin
pep19,0.56,0,0,0.56,Non-Toxin
pep190,0.855,0,0,0.855,Toxin
pep1900,0.672,0,0,0.672,Toxin
pep1901,0.68,0,0,0.68,Toxin
pep1902,0.655,0,0,0.655,Toxin
pep1903,0.668,0,0,0.668,Toxin
pep1904,0.689,0,0,0.689,Toxin
pep1905,0.706,0,0,0.706,Toxin
pep1906,0.695,0,0,0.695,Toxin
pep1907,0.685,0,0,0.685,Toxin
pep1908,0.628,0,0,0.628,Toxin
pep1909,0.702,0,0,0.702,Toxin
pep191,0.818,0,0,0.818,Toxin
pep1910,0.689,0,0,0.689,Toxin
pep1911,0.658,0,0,0.658,Toxin
pep1912,0.679,0,0,0.679,Toxin
pep1913,0.63,0,0,0.63,Toxin
pep1914,0.614,0,0,0.614,Toxin
pep1915,0.636,0,0,0.636,Toxin
pep1916,0.601,0,0,0.601,Toxin
pep1917,0.689,0,0,0.689,Toxin
pep1918,0.703,0,0,0.703,Toxin
pep1919,0.663,0,0,0.663,Toxin
pep192,0.788,0,0,0.788,Toxin
pep1920,0.687,0,0,0.687,Toxin
pep1921,0.694,0,0,0.694,Toxin
pep1922,0.69,0,0,0.69,Toxin
pep1923,0.686,0,0,0.686,Toxin
pep1924,0.69,0,0,0.69,Toxin
pep1925,0.694,0,0,0.694,Toxin
pep1926,0.684,0,0,0.684,Toxin
pep1927,0.653,0,0,0.653,Toxin
pep1928,0.624,0,0,0.624,Toxin
pep1929,0.635,0,0,0.635,Toxin
pep193,0.75,0,0,0.75,Toxin
pep1930,0.6,0,0,0.6,Non-Toxin
pep1931,0.531,0,0,0.531,Non-Toxin
pep1932,0.564,0,0,0.564,Non-Toxin
pep1933,0.569,0,0,0.569,Non-Toxin
pep1934,0.566,0,0,0.566,Non-Toxin
pep1935,0.575,0,0,0.575,Non-Toxin
pep1936,0.579,0,0,0.579,Non-Toxin
pep1937,0.587,0,0,0.587,Non-Toxin
pep1938,0.612,0,0,0.612,Toxin
pep1939,0.608,0,0,0.608,Toxin
pep194,0.699,0,0,0.699,Toxin
pep1940,0.607,0,0,0.607,Toxin
pep1941,0.606,0,0,0.606,Toxin
pep1942,0.616,0,0,0.616,Toxin
pep1943,0.743,0,0,0.743,Toxin
pep1944,0.757,0,0,0.757,Toxin
pep1945,0.751,0,0,0.751,Toxin
pep1946,0.734,0,0,0.734,Toxin
pep1947,0.665,0,0,0.665,Toxin
pep1948,0.589,0,0,0.589,Non-Toxin
pep1949,0.788,0,0,0.788,Toxin
pep195,0.667,0,0,0.667,Toxin
pep1950,0.762,0,0,0.762,Toxin
pep1951,0.762,0,0,0.762,Toxin
pep1952,0.766,0,0,0.766,Toxin
pep1953,0.733,0,0,0.733,Toxin
pep1954,0.73,0,0,0.73,Toxin
pep1955,0.752,0,0,0.752,Toxin
pep1956,0.757,0,0,0.757,Toxin
pep1957,0.715,0,0,0.715,Toxin
pep1958,0.682,0,0,0.682,Toxin
pep1959,0.674,0,0,0.674,Toxin
pep196,0.678,0,0,0.678,Toxin
pep1960,0.689,0,0,0.689,Toxin
pep1961,0.643,0,0,0.643,Toxin
pep1962,0.647,0,0,0.647,Toxin
pep1963,0.621,0,0,0.621,Toxin
pep1964,0.629,0,0,0.629,Toxin
pep1965,0.64,0,0,0.64,Toxin
pep1966,0.635,0,0,0.635,Toxin
pep1967,0.618,0,0,0.618,Toxin
pep1968,0.569,0,0,0.569,Non-Toxin
pep1969,0.61,0,0,0.61,Toxin
pep197,0.618,0,0,0.618,Toxin
pep1970,0.606,0,0,0.606,Toxin
pep1971,0.612,0,0,0.612,Toxin
pep1972,0.574,0,0,0.574,Non-Toxin
pep1973,0.58,0,0,0.58,Non-Toxin
pep1974,0.593,0,0,0.593,Non-Toxin
pep1975,0.575,0,0,0.575,Non-Toxin
pep1976,0.555,0,0,0.555,Non-Toxin
pep1977,0.52,0,0,0.52,Non-Toxin
pep1978,0.489,0,0,0.489,Non-Toxin
pep1979,0.456,0,0,0.456,Non-Toxin
pep198,0.686,0,0,0.686,Toxin
pep1980,0.485,0,0,0.485,Non-Toxin
pep1981,0.509,0,0,0.509,Non-Toxin
pep1982,0.507,0,0,0.507,Non-Toxin
pep1983,0.512,0,0,0.512,Non-Toxin
pep1984,0.518,0,0,0.518,Non-Toxin
pep1985,0.522,0,0,0.522,Non-Toxin
pep1986,0.543,0,0,0.543,Non-Toxin
pep1987,0.562,0,0,0.562,Non-Toxin
pep1988,0.573,0,0,0.573,Non-Toxin
pep1989,0.631,0,0,0.631,Toxin
pep199,0.685,0,0,0.685,Toxin
pep1990,0.623,0,0,0.623,Toxin
pep1991,0.576,0,0,0.576,Non-Toxin
pep1992,0.492,0,0,0.492,Non-Toxin
pep1993,0.457,0,0,0.457,Non-Toxin
pep1994,0.479,0,0,0.479,Non-Toxin
pep1995,0.498,0,0,0.498,Non-Toxin
pep1996,0.47,0,0,0.47,Non-Toxin
pep1997,0.835,0,0,0.835,Toxin
pep1998,0.821,0,0,0.821,Toxin
pep1999,0.814,0,0,0.814,Toxin
pep2,0.719,0,0,0.719,Toxin
pep20,0.599,0,0,0.599,Non-Toxin
pep200,0.655,0,0,0.655,Toxin
pep2000,0.818,0,0,0.818,Toxin
pep2001,0.718,0,0,0.718,Toxin
pep2002,0.694,0,0,0.694,Toxin
pep2003,0.682,0,0,0.682,Toxin
pep2004,0.697,0,0,0.697,Toxin
pep2005,0.7,0,0,0.7,Toxin
pep2006,0.563,0,0,0.563,Non-Toxin
pep2007,0.572,0,0,0.572,Non-Toxin
pep2008,0.584,0,0,0.584,Non-Toxin
pep2009,0.623,0,0,0.623,Toxin
pep201,0.672,0,0,0.672,Toxin
pep2010,0.619,0,0,0.619,Toxin
pep2011,0.606,0,0,0.606,Toxin
pep2012,0.631,0,0,0.631,Toxin
pep2013,0.64,0,0,0.64,Toxin
pep2014,0.613,0,0,0.613,Toxin
pep2015,0.605,0,0,0.605,Toxin
pep2016,0.601,0,0,0.601,Toxin
pep2017,0.582,0,0,0.582,Non-Toxin
pep2018,0.715,0,0,0.715,Toxin
pep2019,0.677,0,0,0.677,Toxin
pep202,0.691,0,0,0.691,Toxin
pep2020,0.662,0,0,0.662,Toxin
pep2021,0.699,0,0,0.699,Toxin
pep2022,0.638,0,0,0.638,Toxin
pep2023,0.653,0,0,0.653,Toxin
pep2024,0.621,0,0,0.621,Toxin
pep2025,0.617,0,0,0.617,Toxin
pep2026,0.626,0,0,0.626,Toxin
pep2027,0.623,0,0,0.623,Toxin
pep2028,0.603,0,0,0.603,Toxin
pep2029,0.613,0,0,0.613,Toxin
pep203,0.681,0,0,0.681,Toxin
pep2030,0.783,0,0,0.783,Toxin
pep2031,0.683,0,0,0.683,Toxin
pep2032,0.715,0,0,0.715,Toxin
pep2033,0.582,0,0,0.582,Non-Toxin
pep2034,0.596,0,0,0.596,Non-Toxin
pep2035,0.59,0,0,0.59,Non-Toxin
pep2036,0.628,0,0,0.628,Toxin
pep2037,0.643,0,0,0.643,Toxin
pep2038,0.641,0,0,0.641,Toxin
pep2039,0.65,0,0,0.65,Toxin
pep204,0.688,0,0,0.688,Toxin
pep2040,0.654,0,0,0.654,Toxin
pep2041,0.616,0,0,0.616,Toxin
pep2042,0.587,0,0,0.587,Non-Toxin
pep2043,0.616,0,0,0.616,Toxin
pep2044,0.611,0,0,0.611,Toxin
pep2045,0.602,0,0,0.602,Toxin
pep2046,0.604,0,0,0.604,Toxin
pep2047,0.638,0,0,0.638,Toxin
pep2048,0.615,0,0,0.615,Toxin
pep2049,0.605,0,0,0.605,Toxin
pep205,0.696,0,0,0.696,Toxin
pep2050,0.605,0,0,0.605,Toxin
pep2051,0.607,0,0,0.607,Toxin
pep2052,0.62,0,0,0.62,Toxin
pep2053,0.636,0,0,0.636,Toxin
pep2054,0.607,0,0,0.607,Toxin
pep2055,0.413,0,0,0.413,Non-Toxin
pep2056,0.636,0,0,0.636,Toxin
pep2057,0.642,0,0,0.642,Toxin
pep2058,0.647,0,0,0.647,Toxin
pep2059,0.671,0,0,0.671,Toxin
pep206,0.7,0,0,0.7,Toxin
pep2060,0.682,0,0,0.682,Toxin
pep2061,0.667,0,0,0.667,Toxin
pep2062,0.66,0,0,0.66,Toxin
pep2063,0.657,0,0,0.657,Toxin
pep2064,0.681,0,0,0.681,Toxin
pep2065,0.697,0,0,0.697,Toxin
pep2066,0.696,0,0,0.696,Toxin
pep2067,0.684,0,0,0.684,Toxin
pep2068,0.676,0,0,0.676,Toxin
pep2069,0.669,0,0,0.669,Toxin
pep207,0.632,0,0,0.632,Toxin
pep2070,0.661,0,0,0.661,Toxin
pep2071,0.672,0,0,0.672,Toxin
pep2072,0.677,0,0,0.677,Toxin
pep2073,0.683,0,0,0.683,Toxin
pep2074,0.691,0,0,0.691,Toxin
pep2075,0.727,0,0,0.727,Toxin
pep2076,0.766,0,0,0.766,Toxin
pep2077,0.718,0,0,0.718,Toxin
pep2078,0.645,0,0,0.645,Toxin
pep2079,0.659,0,0,0.659,Toxin
pep208,0.644,0,0,0.644,Toxin
pep2080,0.619,0,0,0.619,Toxin
pep2081,0.612,0,0,0.612,Toxin
pep2082,0.635,0,0,0.635,Toxin
pep2083,0.644,0,0,0.644,Toxin
pep2084,0.638,0,0,0.638,Toxin
pep2085,0.473,0,0,0.473,Non-Toxin
pep2086,0.462,0,0,0.462,Non-Toxin
pep2087,0.419,0,0,0.419,Non-Toxin
pep2088,0.426,0,0,0.426,Non-Toxin
pep2089,0.425,0,0,0.425,Non-Toxin
pep209,0.643,0,0,0.643,Toxin
pep2090,0.423,0,0,0.423,Non-Toxin
pep2091,0.425,0,0,0.425,Non-Toxin
pep2092,0.432,0,0,0.432,Non-Toxin
pep2093,0.429,0,0,0.429,Non-Toxin
pep2094,0.434,0,0,0.434,Non-Toxin
pep2095,0.449,0,0,0.449,Non-Toxin
pep2096,0.471,0,0,0.471,Non-Toxin
pep2097,0.488,0,0,0.488,Non-Toxin
pep2098,0.63,0,0,0.63,Toxin
pep2099,0.629,0,0,0.629,Toxin
pep21,0.589,0,0,0.589,Non-Toxin
pep210,0.593,0,0,0.593,Non-Toxin
pep2100,0.619,0,0,0.619,Toxin
pep2101,0.627,0,0,0.627,Toxin
pep2102,0.63,0,0,0.63,Toxin
pep2103,0.664,0,0,0.664,Toxin
pep2104,0.65,0,0,0.65,Toxin
pep2105,0.637,0,0,0.637,Toxin
pep2106,0.648,0,0,0.648,Toxin
pep2107,0.655,0,0,0.655,Toxin
pep2108,0.659,0,0,0.659,Toxin
pep2109,0.654,0,0,0.654,Toxin
pep211,0.575,0,0,0.575,Non-Toxin
pep2110,0.657,0,0,0.657,Toxin
pep2111,0.493,0,0,0.493,Non-Toxin
pep2112,0.493,0,0,0.493,Non-Toxin
pep2113,0.518,0,0,0.518,Non-Toxin
pep2114,0.492,0,0,0.492,Non-Toxin
pep2115,0.503,0,0,0.503,Non-Toxin
pep2116,0.477,0,0,0.477,Non-Toxin
pep2117,0.5,0,0,0.5,Non-Toxin
pep2118,0.537,0,0,0.537,Non-Toxin
pep2119,0.542,0,0,0.542,Non-Toxin
pep212,0.586,0,0,0.586,Non-Toxin
pep2120,0.697,0,0,0.697,Toxin
pep2121,0.832,0,0,0.832,Toxin
pep2122,0.862,0,0,0.862,Toxin
pep2123,0.842,0,0,0.842,Toxin
pep2124,0.853,0,0,0.853,Toxin
pep2125,0.795,0,0,0.795,Toxin
pep2126,0.752,0,0,0.752,Toxin
pep2127,0.731,0,0,0.731,Toxin
pep2128,0.715,0,0,0.715,Toxin
pep2129,0.693,0,0,0.693,Toxin
pep213,0.568,0,0,0.568,Non-Toxin
pep2130,0.685,0,0,0.685,Toxin
pep2131,0.634,0,0,0.634,Toxin
pep2132,0.644,0,0,0.644,Toxin
pep2133,0.64,0,0,0.64,Toxin
pep2134,0.668,0,0,0.668,Toxin
pep2135,0.687,0,0,0.687,Toxin
pep2136,0.674,0,0,0.674,Toxin
pep2137,0.664,0,0,0.664,Toxin
pep2138,0.661,0,0,0.661,Toxin
pep2139,0.672,0,0,0.672,Toxin
pep214,0.54,0,0,0.54,Non-Toxin
pep2140,0.68,0,0,0.68,Toxin
pep2141,0.691,0,0,0.691,Toxin
pep2142,0.683,0,0,0.683,Toxin
pep2143,0.68,0,0,0.68,Toxin
pep2144,0.537,0,0,0.537,Non-Toxin
pep2145,0.54,0,0,0.54,Non-Toxin
pep2146,0.539,0,0,0.539,Non-Toxin
pep2147,0.547,0,0,0.547,Non-Toxin
pep2148,0.547,0,0,0.547,Non-Toxin
pep2149,0.574,0,0,0.574,Non-Toxin
pep215,0.551,0,0,0.551,Non-Toxin
pep2150,0.588,0,0,0.588,Non-Toxin
pep2151,0.581,0,0,0.581,Non-Toxin
pep2152,0.597,0,0,0.597,Non-Toxin
pep2153,0.947,0,0,0.947,Toxin
pep2154,0.946,0,0,0.946,Toxin
pep2155,0.936,0,0,0.936,Toxin
pep2156,0.553,0,0,0.553,Non-Toxin
pep2157,0.556,0,0,0.556,Non-Toxin
pep2158,0.558,0,0,0.558,Non-Toxin
pep2159,0.56,0,0,0.56,Non-Toxin
pep216,0.594,0,0,0.594,Non-Toxin
pep2160,0.567,0,0,0.567,Non-Toxin
pep2161,0.883,0,0,0.883,Toxin
pep2162,0.872,0,0,0.872,Toxin
pep2163,0.863,0,0,0.863,Toxin
pep2164,0.873,0,0,0.873,Toxin
pep2165,0.858,0,0,0.858,Toxin
pep2166,0.812,0,0,0.812,Toxin
pep2167,0.809,0,0,0.809,Toxin
pep2168,0.797,0,0,0.797,Toxin
pep2169,0.777,0,0,0.777,Toxin
pep217,0.61,0,0,0.61,Toxin
pep2170,0.773,0,0,0.773,Toxin
pep2171,0.584,0,0,0.584,Non-Toxin
pep2172,0.618,0,0,0.618,Toxin
pep2173,0.601,0,0,0.601,Toxin
pep2174,0.615,0,0,0.615,Toxin
pep2175,0.588,0,0,0.588,Non-Toxin
pep2176,0.561,0,0,0.561,Non-Toxin
pep2177,0.545,0,0,0.545,Non-Toxin
pep2178,0.589,0,0,0.589,Non-Toxin
pep2179,0.597,0,0,0.597,Non-Toxin
pep218,0.627,0,0,0.627,Toxin
pep2180,0.607,0,0,0.607,Toxin
pep2181,0.623,0,0,0.623,Toxin
pep2182,0.579,0,0,0.579,Non-Toxin
pep2183,0.618,0,0,0.618,Toxin
pep2184,0.713,0,0,0.713,Toxin
pep2185,0.79,0,0,0.79,Toxin
pep2186,0.789,0,0,0.789,Toxin
pep2187,0.759,0,0,0.759,Toxin
pep2188,0.749,0,0,0.749,Toxin
pep2189,0.717,0,0,0.717,Toxin
pep219,0.627,0,0,0.627,Toxin
pep2190,0.715,0,0,0.715,Toxin
pep2191,0.705,0,0,0.705,Toxin
pep2192,0.704,0,0,0.704,Toxin
pep2193,0.687,0,0,0.687,Toxin
pep2194,0.736,0,0,0.736,Toxin
pep2195,0.74,0,0,0.74,Toxin
pep2196,0.738,0,0,0.738,Toxin
pep2197,0.678,0,0,0.678,Toxin
pep2198,0.602,0,0,0.602,Toxin
pep2199,0.679,0,0,0.679,Toxin
pep22,0.604,0,0,0.604,Toxin
pep220,0.615,0,0,0.615,Toxin
pep2200,0.725,0,0,0.725,Toxin
pep2201,0.738,0,0,0.738,Toxin
pep2202,0.742,0,0,0.742,Toxin
pep2203,0.676,0,0,0.676,Toxin
pep2204,0.595,0,0,0.595,Non-Toxin
pep2205,0.711,0,0,0.711,Toxin
pep2206,0.605,0,0,0.605,Toxin
pep2207,0.571,0,0,0.571,Non-Toxin
pep2208,0.561,0,0,0.561,Non-Toxin
pep2209,0.573,0,0,0.573,Non-Toxin
pep221,0.62,0,0,0.62,Toxin
pep2210,0.578,0,0,0.578,Non-Toxin
pep2211,0.615,0,0,0.615,Toxin
pep2212,0.605,0,0,0.605,Toxin
pep2213,0.603,0,0,0.603,Toxin
pep2214,0.607,0,0,0.607,Toxin
pep2215,0.597,0,0,0.597,Non-Toxin
pep2216,0.615,0,0,0.615,Toxin
pep2217,0.643,0,0,0.643,Toxin
pep2218,0.615,0,0,0.615,Toxin
pep2219,0.58,0,0,0.58,Non-Toxin
pep222,0.562,0,0,0.562,Non-Toxin
pep2220,0.591,0,0,0.591,Non-Toxin
pep2221,0.577,0,0,0.577,Non-Toxin
pep2222,0.548,0,0,0.548,Non-Toxin
pep2223,0.52,0,0,0.52,Non-Toxin
pep2224,0.465,0,0,0.465,Non-Toxin
pep2225,0.466,0,0,0.466,Non-Toxin
pep2226,0.5,0,0,0.5,Non-Toxin
pep2227,0.502,0,0,0.502,Non-Toxin
pep2228,0.511,0,0,0.511,Non-Toxin
pep2229,0.516,0,0,0.516,Non-Toxin
pep223,0.58,0,0,0.58,Non-Toxin
pep2230,0.527,0,0,0.527,Non-Toxin
pep2231,0.701,0,0,0.701,Toxin
pep2232,0.726,0,0,0.726,Toxin
pep2233,0.738,0,0,0.738,Toxin
pep2234,0.751,0,0,0.751,Toxin
pep2235,0.686,0,0,0.686,Toxin
pep2236,0.597,0,0,0.597,Non-Toxin
pep2237,0.725,0,0,0.725,Toxin
pep2238,0.73,0,0,0.73,Toxin
pep2239,0.673,0,0,0.673,Toxin
pep224,0.572,0,0,0.572,Non-Toxin
pep2240,0.699,0,0,0.699,Toxin
pep2241,0.706,0,0,0.706,Toxin
pep2242,0.683,0,0,0.683,Toxin
pep2243,0.625,0,0,0.625,Toxin
pep2244,0.568,0,0,0.568,Non-Toxin
pep2245,0.807,0,0,0.807,Toxin
pep2246,0.786,0,0,0.786,Toxin
pep2247,0.778,0,0,0.778,Toxin
pep2248,0.756,0,0,0.756,Toxin
pep2249,0.748,0,0,0.748,Toxin
pep225,0.61,0,0,0.61,Toxin
pep2250,0.751,0,0,0.751,Toxin
pep2251,0.73,0,0,0.73,Toxin
pep2252,0.67,0,0,0.67,Toxin
pep2253,0.676,0,0,0.676,Toxin
pep2254,0.706,0,0,0.706,Toxin
pep2255,0.711,0,0,0.711,Toxin
pep2256,0.727,0,0,0.727,Toxin
pep2257,0.712,0,0,0.712,Toxin
pep2258,0.658,0,0,0.658,Toxin
pep2259,0.668,0,0,0.668,Toxin
pep226,0.607,0,0,0.607,Toxin
pep2260,0.656,0,0,0.656,Toxin
pep2261,0.656,0,0,0.656,Toxin
pep2262,0.661,0,0,0.661,Toxin
pep2263,0.675,0,0,0.675,Toxin
pep2264,0.672,0,0,0.672,Toxin
pep2265,0.752,0,0,0.752,Toxin
pep2266,0.708,0,0,0.708,Toxin
pep2267,0.707,0,0,0.707,Toxin
pep2268,0.711,0,0,0.711,Toxin
pep2269,0.681,0,0,0.681,Toxin
pep227,0.719,0,0,0.719,Toxin
pep2270,0.687,0,0,0.687,Toxin
pep2271,0.725,0,0,0.725,Toxin
pep2272,0.64,0,0,0.64,Toxin
pep2273,0.64,0,0,0.64,Toxin
pep2274,0.642,0,0,0.642,Toxin
pep2275,0.928,0,0,0.928,Toxin
pep2276,0.926,0,0,0.926,Toxin
pep2277,0.906,0,0,0.906,Toxin
pep2278,0.888,0,0,0.888,Toxin
pep2279,0.882,0,0,0.882,Toxin
pep228,0.702,0,0,0.702,Toxin
pep2280,0.832,0,0,0.832,Toxin
pep2281,0.861,0,0,0.861,Toxin
pep2282,0.87,0,0,0.87,Toxin
pep2283,0.873,0,0,0.873,Toxin
pep2284,0.886,0,0,0.886,Toxin
pep2285,0.588,0,0,0.588,Non-Toxin
pep2286,0.622,0,0,0.622,Toxin
pep2287,0.611,0,0,0.611,Toxin
pep2288,0.615,0,0,0.615,Toxin
pep2289,0.581,0,0,0.581,Non-Toxin
pep229,0.723,0,0,0.723,Toxin
pep2290,0.577,0,0,0.577,Non-Toxin
pep2291,0.592,0,0,0.592,Non-Toxin
pep2292,0.593,0,0,0.593,Non-Toxin
pep2293,0.569,0,0,0.569,Non-Toxin
pep2294,0.732,0,0,0.732,Toxin
pep2295,0.717,0,0,0.717,Toxin
pep2296,0.709,0,0,0.709,Toxin
pep2297,0.722,0,0,0.722,Toxin
pep2298,0.711,0,0,0.711,Toxin
pep2299,0.895,0,0,0.895,Toxin
pep23,0.688,0,0,0.688,Toxin
pep230,0.743,0,0,0.743,Toxin
pep2300,0.855,0,0,0.855,Toxin
pep2301,0.841,0,0,0.841,Toxin
pep2302,0.799,0,0,0.799,Toxin
pep2303,0.826,0,0,0.826,Toxin
pep2304,0.825,0,0,0.825,Toxin
pep2305,0.819,0,0,0.819,Toxin
pep2306,0.569,0,0,0.569,Non-Toxin
pep2307,0.594,0,0,0.594,Non-Toxin
pep2308,0.619,0,0,0.619,Toxin
pep2309,0.585,0,0,0.585,Non-Toxin
pep231,0.675,0,0,0.675,Toxin
pep2310,0.576,0,0,0.576,Non-Toxin
pep2311,0.565,0,0,0.565,Non-Toxin
pep2312,0.576,0,0,0.576,Non-Toxin
pep2313,0.555,0,0,0.555,Non-Toxin
pep2314,0.559,0,0,0.559,Non-Toxin
pep2315,0.573,0,0,0.573,Non-Toxin
pep2316,0.566,0,0,0.566,Non-Toxin
pep2317,0.891,0,0,0.891,Toxin
pep2318,0.883,0,0,0.883,Toxin
pep2319,0.854,0,0,0.854,Toxin
pep232,0.678,0,0,0.678,Toxin
pep2320,0.849,0,0,0.849,Toxin
pep2321,0.849,0,0,0.849,Toxin
pep2322,0.804,0,0,0.804,Toxin
pep2323,0.822,0,0,0.822,Toxin
pep2324,0.839,0,0,0.839,Toxin
pep2325,0.872,0,0,0.872,Toxin
pep2326,0.879,0,0,0.879,Toxin
pep2327,0.893,0,0,0.893,Toxin
pep2328,0.879,0,0,0.879,Toxin
pep2329,0.698,0,0,0.698,Toxin
pep233,0.513,0,0,0.513,Non-Toxin
pep2330,0.647,0,0,0.647,Toxin
pep2331,0.669,0,0,0.669,Toxin
pep2332,0.638,0,0,0.638,Toxin
pep2333,0.648,0,0,0.648,Toxin
pep2334,0.651,0,0,0.651,Toxin
pep2335,0.687,0,0,0.687,Toxin
pep2336,0.675,0,0,0.675,Toxin
pep2337,0.682,0,0,0.682,Toxin
pep2338,0.727,0,0,0.727,Toxin
pep2339,0.733,0,0,0.733,Toxin
pep234,0.515,0,0,0.515,Non-Toxin
pep2340,0.745,0,0,0.745,Toxin
pep2341,0.646,0,0,0.646,Toxin
pep2342,0.673,0,0,0.673,Toxin
pep2343,0.695,0,0,0.695,Toxin
pep2344,0.683,0,0,0.683,Toxin
pep2345,0.67,0,0,0.67,Toxin
pep2346,0.627,0,0,0.627,Toxin
pep2347,0.602,0,0,0.602,Toxin
pep2348,0.623,0,0,0.623,Toxin
pep2349,0.61,0,0,0.61,Toxin
pep235,0.535,0,0,0.535,Non-Toxin
pep2350,0.63,0,0,0.63,Toxin
pep2351,0.622,0,0,0.622,Toxin
pep2352,0.662,0,0,0.662,Toxin
pep2353,0.656,0,0,0.656,Toxin
pep2354,0.59,0,0,0.59,Non-Toxin
pep2355,0.598,0,0,0.598,Non-Toxin
pep2356,0.628,0,0,0.628,Toxin
pep2357,0.65,0,0,0.65,Toxin
pep2358,0.665,0,0,0.665,Toxin
pep2359,0.659,0,0,0.659,Toxin
pep236,0.545,0,0,0.545,Non-Toxin
pep2360,0.626,0,0,0.626,Toxin
pep2361,0.597,0,0,0.597,Non-Toxin
pep2362,0.631,0,0,0.631,Toxin
pep2363,0.655,0,0,0.655,Toxin
pep2364,0.655,0,0,0.655,Toxin
pep2365,0.734,0,0,0.734,Toxin
pep2366,0.784,0,0,0.784,Toxin
pep2367,0.737,0,0,0.737,Toxin
pep2368,0.648,0,0,0.648,Toxin
pep2369,0.666,0,0,0.666,Toxin
pep237,0.569,0,0,0.569,Non-Toxin
pep2370,0.625,0,0,0.625,Toxin
pep2371,0.632,0,0,0.632,Toxin
pep2372,0.658,0,0,0.658,Toxin
pep2373,0.663,0,0,0.663,Toxin
pep2374,0.689,0,0,0.689,Toxin
pep2375,0.686,0,0,0.686,Toxin
pep2376,0.644,0,0,0.644,Toxin
pep2377,0.653,0,0,0.653,Toxin
pep2378,0.653,0,0,0.653,Toxin
pep2379,0.667,0,0,0.667,Toxin
pep238,0.547,0,0,0.547,Non-Toxin
pep2380,0.658,0,0,0.658,Toxin
pep2381,0.724,0,0,0.724,Toxin
pep2382,0.706,0,0,0.706,Toxin
pep2383,0.716,0,0,0.716,Toxin
pep2384,0.755,0,0,0.755,Toxin
pep2385,0.756,0,0,0.756,Toxin
pep2386,0.759,0,0,0.759,Toxin
pep2387,0.568,0,0,0.568,Non-Toxin
pep2388,0.575,0,0,0.575,Non-Toxin
pep2389,0.589,0,0,0.589,Non-Toxin
pep239,0.688,0,0,0.688,Toxin
pep2390,0.573,0,0,0.573,Non-Toxin
pep2391,0.556,0,0,0.556,Non-Toxin
pep2392,0.556,0,0,0.556,Non-Toxin
pep2393,0.579,0,0,0.579,Non-Toxin
pep2394,0.568,0,0,0.568,Non-Toxin
pep2395,0.666,0,0,0.666,Toxin
pep2396,0.672,0,0,0.672,Toxin
pep2397,0.637,0,0,0.637,Toxin
pep2398,0.659,0,0,0.659,Toxin
pep2399,0.672,0,0,0.672,Toxin
pep24,0.691,0,0,0.691,Toxin
pep240,0.707,0,0,0.707,Toxin
pep2400,0.672,0,0,0.672,Toxin
pep2401,0.688,0,0,0.688,Toxin
pep2402,0.685,0,0,0.685,Toxin
pep2403,0.557,0,0,0.557,Non-Toxin
pep2404,0.568,0,0,0.568,Non-Toxin
pep2405,0.582,0,0,0.582,Non-Toxin
pep2406,0.559,0,0,0.559,Non-Toxin
pep2407,0.56,0,0,0.56,Non-Toxin
pep2408,0.542,0,0,0.542,Non-Toxin
pep2409,0.556,0,0,0.556,Non-Toxin
pep241,0.683,0,0,0.683,Toxin
pep2410,0.57,0,0,0.57,Non-Toxin
pep2411,0.567,0,0,0.567,Non-Toxin
pep2412,0.654,0,0,0.654,Toxin
pep2413,0.664,0,0,0.664,Toxin
pep2414,0.65,0,0,0.65,Toxin
pep2415,0.667,0,0,0.667,Toxin
pep2416,0.612,0,0,0.612,Toxin
pep2417,0.568,0,0,0.568,Non-Toxin
pep2418,0.602,0,0,0.602,Toxin
pep2419,0.579,0,0,0.579,Non-Toxin
pep242,0.688,0,0,0.688,Toxin
pep2420,0.588,0,0,0.588,Non-Toxin
pep2421,0.599,0,0,0.599,Non-Toxin
pep2422,0.622,0,0,0.622,Toxin
pep2423,0.616,0,0,0.616,Toxin
pep2424,0.723,0,0,0.723,Toxin
pep2425,0.877,0,0,0.877,Toxin
pep2426,0.896,0,0,0.896,Toxin
pep2427,0.896,0,0,0.896,Toxin
pep2428,0.91,0,0,0.91,Toxin
pep2429,0.881,0,0,0.881,Toxin
pep243,0.639,0,0,0.639,Toxin
pep2430,0.857,0,0,0.857,Toxin
pep2431,0.812,0,0,0.812,Toxin
pep2432,0.791,0,0,0.791,Toxin
pep2433,0.776,0,0,0.776,Toxin
pep2434,0.741,0,0,0.741,Toxin
pep2435,0.738,0,0,0.738,Toxin
pep2436,0.685,0,0,0.685,Toxin
pep2437,0.716,0,0,0.716,Toxin
pep2438,0.717,0,0,0.717,Toxin
pep2439,0.487,0,0,0.487,Non-Toxin
pep244,0.641,0,0,0.641,Toxin
pep2440,0.496,0,0,0.496,Non-Toxin
pep2441,0.523,0,0,0.523,Non-Toxin
pep2442,0.553,0,0,0.553,Non-Toxin
pep2443,0.566,0,0,0.566,Non-Toxin
pep2444,0.576,0,0,0.576,Non-Toxin
pep2445,0.584,0,0,0.584,Non-Toxin
pep2446,0.597,0,0,0.597,Non-Toxin
pep2447,0.616,0,0,0.616,Toxin
pep2448,0.609,0,0,0.609,Toxin
pep2449,0.589,0,0,0.589,Non-Toxin
pep245,0.574,0,0,0.574,Non-Toxin
pep2450,0.62,0,0,0.62,Toxin
pep2451,0.636,0,0,0.636,Toxin
pep2452,0.632,0,0,0.632,Toxin
pep2453,0.636,0,0,0.636,Toxin
pep2454,0.625,0,0,0.625,Toxin
pep2455,0.656,0,0,0.656,Toxin
pep2456,0.823,0,0,0.823,Toxin
pep2457,0.817,0,0,0.817,Toxin
pep2458,0.497,0,0,0.497,Non-Toxin
pep2459,0.497,0,0,0.497,Non-Toxin
pep246,0.616,0,0,0.616,Toxin
pep2460,0.509,0,0,0.509,Non-Toxin
pep2461,0.555,0,0,0.555,Non-Toxin
pep2462,0.586,0,0,0.586,Non-Toxin
pep2463,0.626,0,0,0.626,Toxin
pep2464,0.611,0,0,0.611,Toxin
pep2465,0.9,0,0,0.9,Toxin
pep2466,0.867,0,0,0.867,Toxin
pep2467,0.851,0,0,0.851,Toxin
pep2468,0.842,0,0,0.842,Toxin
pep2469,0.82,0,0,0.82,Toxin
pep247,0.602,0,0,0.602,Toxin
pep2470,0.83,0,0,0.83,Toxin
pep2471,0.538,0,0,0.538,Non-Toxin
pep2472,0.598,0,0,0.598,Non-Toxin
pep2473,0.59,0,0,0.59,Non-Toxin
pep2474,0.596,0,0,0.596,Non-Toxin
pep2475,0.536,0,0,0.536,Non-Toxin
pep2476,0.55,0,0,0.55,Non-Toxin
pep2477,0.559,0,0,0.559,Non-Toxin
pep2478,0.552,0,0,0.552,Non-Toxin
pep2479,0.574,0,0,0.574,Non-Toxin
pep248,0.617,0,0,0.617,Toxin
pep2480,0.576,0,0,0.576,Non-Toxin
pep2481,0.567,0,0,0.567,Non-Toxin
pep2482,0.664,0,0,0.664,Toxin
pep2483,0.692,0,0,0.692,Toxin
pep2484,0.608,0,0,0.608,Toxin
pep2485,0.604,0,0,0.604,Toxin
pep2486,0.601,0,0,0.601,Toxin
pep2487,0.603,0,0,0.603,Toxin
pep2488,0.601,0,0,0.601,Toxin
pep2489,0.622,0,0,0.622,Toxin
pep249,0.589,0,0,0.589,Non-Toxin
pep2490,0.627,0,0,0.627,Toxin
pep2491,0.627,0,0,0.627,Toxin
pep2492,0.65,0,0,0.65,Toxin
pep2493,0.641,0,0,0.641,Toxin
pep2494,0.64,0,0,0.64,Toxin
pep2495,0.693,0,0,0.693,Toxin
pep2496,0.725,0,0,0.725,Toxin
pep2497,0.705,0,0,0.705,Toxin
pep2498,0.631,0,0,0.631,Toxin
pep2499,0.66,0,0,0.66,Toxin
pep25,0.701,0,0,0.701,Toxin
pep250,0.59,0,0,0.59,Non-Toxin
pep2500,0.633,0,0,0.633,Toxin
pep2501,0.645,0,0,0.645,Toxin
pep2502,0.7,0,0,0.7,Toxin
pep2503,0.697,0,0,0.697,Toxin
pep2504,0.722,0,0,0.722,Toxin
pep2505,0.733,0,0,0.733,Toxin
pep2506,0.696,0,0,0.696,Toxin
pep2507,0.638,0,0,0.638,Toxin
pep2508,0.614,0,0,0.614,Toxin
pep2509,0.621,0,0,0.621,Toxin
pep251,0.556,0,0,0.556,Non-Toxin
pep2510,0.62,0,0,0.62,Toxin
pep2511,0.654,0,0,0.654,Toxin
pep2512,0.65,0,0,0.65,Toxin
pep2513,0.647,0,0,0.647,Toxin
pep2514,0.636,0,0,0.636,Toxin
pep2515,0.624,0,0,0.624,Toxin
pep2516,0.634,0,0,0.634,Toxin
pep2517,0.642,0,0,0.642,Toxin
pep2518,0.648,0,0,0.648,Toxin
pep2519,0.663,0,0,0.663,Toxin
pep252,0.568,0,0,0.568,Non-Toxin
pep2520,0.715,0,0,0.715,Toxin
pep2521,0.757,0,0,0.757,Toxin
pep2522,0.71,0,0,0.71,Toxin
pep2523,0.65,0,0,0.65,Toxin
pep2524,0.659,0,0,0.659,Toxin
pep2525,0.618,0,0,0.618,Toxin
pep2526,0.615,0,0,0.615,Toxin
pep2527,0.616,0,0,0.616,Toxin
pep2528,0.623,0,0,0.623,Toxin
pep2529,0.628,0,0,0.628,Toxin
pep253,0.582,0,0,0.582,Non-Toxin
pep2530,0.601,0,0,0.601,Toxin
pep2531,0.597,0,0,0.597,Non-Toxin
pep2532,0.608,0,0,0.608,Toxin
pep2533,0.567,0,0,0.567,Non-Toxin
pep2534,0.556,0,0,0.556,Non-Toxin
pep2535,0.529,0,0,0.529,Non-Toxin
pep2536,0.518,0,0,0.518,Non-Toxin
pep2537,0.465,0,0,0.465,Non-Toxin
pep2538,0.508,0,0,0.508,Non-Toxin
pep2539,0.513,0,0,0.513,Non-Toxin
pep254,0.563,0,0,0.563,Non-Toxin
pep2540,0.505,0,0,0.505,Non-Toxin
pep2541,0.52,0,0,0.52,Non-Toxin
pep2542,0.535,0,0,0.535,Non-Toxin
pep2543,0.562,0,0,0.562,Non-Toxin
pep2544,0.639,0,0,0.639,Toxin
pep2545,0.621,0,0,0.621,Toxin
pep2546,0.616,0,0,0.616,Toxin
pep2547,0.601,0,0,0.601,Toxin
pep2548,0.605,0,0,0.605,Toxin
pep2549,0.564,0,0,0.564,Non-Toxin
pep255,0.571,0,0,0.571,Non-Toxin
pep2550,0.558,0,0,0.558,Non-Toxin
pep2551,0.569,0,0,0.569,Non-Toxin
pep2552,0.715,0,0,0.715,Toxin
pep2553,0.717,0,0,0.717,Toxin
pep2554,0.713,0,0,0.713,Toxin
pep2555,0.704,0,0,0.704,Toxin
pep2556,0.673,0,0,0.673,Toxin
pep2557,0.591,0,0,0.591,Non-Toxin
pep2558,0.78,0,0,0.78,Toxin
pep2559,0.771,0,0,0.771,Toxin
pep256,0.569,0,0,0.569,Non-Toxin
pep2560,0.779,0,0,0.779,Toxin
pep2561,0.641,0,0,0.641,Toxin
pep2562,0.661,0,0,0.661,Toxin
pep2563,0.604,0,0,0.604,Toxin
pep2564,0.618,0,0,0.618,Toxin
pep2565,0.622,0,0,0.622,Toxin
pep2566,0.651,0,0,0.651,Toxin
pep2567,0.748,0,0,0.748,Toxin
pep2568,0.707,0,0,0.707,Toxin
pep2569,0.704,0,0,0.704,Toxin
pep257,0.611,0,0,0.611,Toxin
pep2570,0.694,0,0,0.694,Toxin
pep2571,0.701,0,0,0.701,Toxin
pep2572,0.712,0,0,0.712,Toxin
pep2573,0.695,0,0,0.695,Toxin
pep2574,0.872,0,0,0.872,Toxin
pep2575,0.858,0,0,0.858,Toxin
pep2576,0.848,0,0,0.848,Toxin
pep2577,0.826,0,0,0.826,Toxin
pep2578,0.825,0,0,0.825,Toxin
pep2579,0.814,0,0,0.814,Toxin
pep258,0.612,0,0,0.612,Toxin
pep2580,0.567,0,0,0.567,Non-Toxin
pep2581,0.508,0,0,0.508,Non-Toxin
pep2582,0.532,0,0,0.532,Non-Toxin
pep2583,0.523,0,0,0.523,Non-Toxin
pep2584,0.526,0,0,0.526,Non-Toxin
pep2585,0.478,0,0,0.478,Non-Toxin
pep2586,0.468,0,0,0.468,Non-Toxin
pep2587,0.493,0,0,0.493,Non-Toxin
pep2588,0.515,0,0,0.515,Non-Toxin
pep2589,0.529,0,0,0.529,Non-Toxin
pep259,0.588,0,0,0.588,Non-Toxin
pep2590,0.538,0,0,0.538,Non-Toxin
pep2591,0.543,0,0,0.543,Non-Toxin
pep2592,0.954,0,0,0.954,Toxin
pep2593,0.944,0,0,0.944,Toxin
pep2594,0.923,0,0,0.923,Toxin
pep2595,0.906,0,0,0.906,Toxin
pep2596,0.9,0,0,0.9,Toxin
pep2597,0.871,0,0,0.871,Toxin
pep2598,0.894,0,0,0.894,Toxin
pep2599,0.897,0,0,0.897,Toxin
pep26,0.71,0,0,0.71,Toxin
pep260,0.595,0,0,0.595,Non-Toxin
pep2600,0.557,0,0,0.557,Non-Toxin
pep2601,0.504,0,0,0.504,Non-Toxin
pep2602,0.51,0,0,0.51,Non-Toxin
pep2603,0.507,0,0,0.507,Non-Toxin
pep2604,0.497,0,0,0.497,Non-Toxin
pep2605,0.5,0,0,0.5,Non-Toxin
pep2606,0.505,0,0,0.505,Non-Toxin
pep2607,0.51,0,0,0.51,Non-Toxin
pep2608,0.514,0,0,0.514,Non-Toxin
pep2609,0.511,0,0,0.511,Non-Toxin
pep261,0.596,0,0,0.596,Non-Toxin
pep2610,0.521,0,0,0.521,Non-Toxin
pep2611,0.534,0,0,0.534,Non-Toxin
pep2612,0.545,0,0,0.545,Non-Toxin
pep2613,0.516,0,0,0.516,Non-Toxin
pep2614,0.541,0,0,0.541,Non-Toxin
pep2615,0.559,0,0,0.559,Non-Toxin
pep2616,0.575,0,0,0.575,Non-Toxin
pep2617,0.601,0,0,0.601,Toxin
pep2618,0.591,0,0,0.591,Non-Toxin
pep2619,0.581,0,0,0.581,Non-Toxin
pep262,0.559,0,0,0.559,Non-Toxin
pep2620,0.614,0,0,0.614,Toxin
pep2621,0.61,0,0,0.61,Toxin
pep2622,0.598,0,0,0.598,Non-Toxin
pep2623,0.6,0,0,0.6,Non-Toxin
pep2624,0.572,0,0,0.572,Non-Toxin
pep2625,0.553,0,0,0.553,Non-Toxin
pep2626,0.555,0,0,0.555,Non-Toxin
pep2627,0.551,0,0,0.551,Non-Toxin
pep2628,0.557,0,0,0.557,Non-Toxin
pep2629,0.558,0,0,0.558,Non-Toxin
pep263,0.599,0,0,0.599,Non-Toxin
pep2630,0.552,0,0,0.552,Non-Toxin
pep2631,0.545,0,0,0.545,Non-Toxin
pep2632,0.57,0,0,0.57,Non-Toxin
pep2633,0.602,0,0,0.602,Toxin
pep2634,0.582,0,0,0.582,Non-Toxin
pep2635,0.485,0,0,0.485,Non-Toxin
pep2636,0.492,0,0,0.492,Non-Toxin
pep2637,0.629,0,0,0.629,Toxin
pep2638,0.623,0,0,0.623,Toxin
pep2639,0.633,0,0,0.633,Toxin
pep264,0.604,0,0,0.604,Toxin
pep2640,0.592,0,0,0.592,Non-Toxin
pep2641,0.605,0,0,0.605,Toxin
pep2642,0.62,0,0,0.62,Toxin
pep2643,0.615,0,0,0.615,Toxin
pep2644,0.628,0,0,0.628,Toxin
pep2645,0.622,0,0,0.622,Toxin
pep2646,0.663,0,0,0.663,Toxin
pep2647,0.66,0,0,0.66,Toxin
pep2648,0.63,0,0,0.63,Toxin
pep2649,0.645,0,0,0.645,Toxin
pep265,0.604,0,0,0.604,Toxin
pep2650,0.65,0,0,0.65,Toxin
pep2651,0.654,0,0,0.654,Toxin
pep2652,0.657,0,0,0.657,Toxin
pep2653,0.656,0,0,0.656,Toxin
pep2654,0.636,0,0,0.636,Toxin
pep2655,0.622,0,0,0.622,Toxin
pep2656,0.612,0,0,0.612,Toxin
pep2657,0.569,0,0,0.569,Non-Toxin
pep2658,0.53,0,0,0.53,Non-Toxin
pep2659,0.527,0,0,0.527,Non-Toxin
pep266,0.601,0,0,0.601,Toxin
pep2660,0.552,0,0,0.552,Non-Toxin
pep2661,0.593,0,0,0.593,Non-Toxin
pep2662,0.591,0,0,0.591,Non-Toxin
pep2663,0.605,0,0,0.605,Toxin
pep2664,0.651,0,0,0.651,Toxin
pep2665,0.644,0,0,0.644,Toxin
pep2666,0.62,0,0,0.62,Toxin
pep2667,0.623,0,0,0.623,Toxin
pep2668,0.655,0,0,0.655,Toxin
pep2669,0.659,0,0,0.659,Toxin
pep267,0.525,0,0,0.525,Non-Toxin
pep2670,0.654,0,0,0.654,Toxin
pep2671,0.664,0,0,0.664,Toxin
pep2672,0.665,0,0,0.665,Toxin
pep2673,0.585,0,0,0.585,Non-Toxin
pep2674,0.536,0,0,0.536,Non-Toxin
pep2675,0.576,0,0,0.576,Non-Toxin
pep2676,0.561,0,0,0.561,Non-Toxin
pep2677,0.571,0,0,0.571,Non-Toxin
pep2678,0.558,0,0,0.558,Non-Toxin
pep2679,0.559,0,0,0.559,Non-Toxin
pep268,0.535,0,0,0.535,Non-Toxin
pep2680,0.583,0,0,0.583,Non-Toxin
pep2681,0.581,0,0,0.581,Non-Toxin
pep2682,0.604,0,0,0.604,Toxin
pep2683,0.599,0,0,0.599,Non-Toxin
pep2684,0.602,0,0,0.602,Toxin
pep2685,0.603,0,0,0.603,Toxin
pep2686,0.598,0,0,0.598,Non-Toxin
pep2687,0.556,0,0,0.556,Non-Toxin
pep2688,0.471,0,0,0.471,Non-Toxin
pep2689,0.436,0,0,0.436,Non-Toxin
pep269,0.555,0,0,0.555,Non-Toxin
pep2690,0.445,0,0,0.445,Non-Toxin
pep2691,0.462,0,0,0.462,Non-Toxin
pep2692,0.557,0,0,0.557,Non-Toxin
pep2693,0.558,0,0,0.558,Non-Toxin
pep2694,0.598,0,0,0.598,Non-Toxin
pep2695,0.582,0,0,0.582,Non-Toxin
pep2696,0.565,0,0,0.565,Non-Toxin
pep2697,0.564,0,0,0.564,Non-Toxin
pep2698,0.566,0,0,0.566,Non-Toxin
pep2699,0.576,0,0,0.576,Non-Toxin
pep27,0.65,0,0,0.65,Toxin
pep270,0.569,0,0,0.569,Non-Toxin
pep2700,0.556,0,0,0.556,Non-Toxin
pep2701,0.557,0,0,0.557,Non-Toxin
pep2702,0.562,0,0,0.562,Non-Toxin
pep2703,0.587,0,0,0.587,Non-Toxin
pep2704,0.6,0,0,0.6,Non-Toxin
pep2705,0.567,0,0,0.567,Non-Toxin
pep2706,0.571,0,0,0.571,Non-Toxin
pep2707,0.573,0,0,0.573,Non-Toxin
pep2708,0.616,0,0,0.616,Toxin
pep2709,0.621,0,0,0.621,Toxin
pep271,0.579,0,0,0.579,Non-Toxin
pep2710,0.617,0,0,0.617,Toxin
pep2711,0.608,0,0,0.608,Toxin
pep2712,0.611,0,0,0.611,Toxin
pep2713,0.642,0,0,0.642,Toxin
pep2714,0.668,0,0,0.668,Toxin
pep2715,0.67,0,0,0.67,Toxin
pep2716,0.614,0,0,0.614,Toxin
pep2717,0.547,0,0,0.547,Non-Toxin
pep2718,0.564,0,0,0.564,Non-Toxin
pep2719,0.558,0,0,0.558,Non-Toxin
pep272,0.562,0,0,0.562,Non-Toxin
pep2720,0.581,0,0,0.581,Non-Toxin
pep2721,0.539,0,0,0.539,Non-Toxin
pep2722,0.488,0,0,0.488,Non-Toxin
pep2723,0.516,0,0,0.516,Non-Toxin
pep2724,0.537,0,0,0.537,Non-Toxin
pep2725,0.562,0,0,0.562,Non-Toxin
pep2726,0.569,0,0,0.569,Non-Toxin
pep2727,0.58,0,0,0.58,Non-Toxin
pep2728,0.545,0,0,0.545,Non-Toxin
pep2729,0.94,0,0,0.94,Toxin
pep273,0.855,0,0,0.855,Toxin
pep2730,0.934,0,0,0.934,Toxin
pep2731,0.909,0,0,0.909,Toxin
pep2732,0.885,0,0,0.885,Toxin
pep2733,0.892,0,0,0.892,Toxin
pep2734,0.848,0,0,0.848,Toxin
pep2735,0.878,0,0,0.878,Toxin
pep2736,0.881,0,0,0.881,Toxin
pep2737,0.886,0,0,0.886,Toxin
pep2738,0.534,0,0,0.534,Non-Toxin
pep2739,0.557,0,0,0.557,Non-Toxin
pep274,0.839,0,0,0.839,Toxin
pep2740,0.578,0,0,0.578,Non-Toxin
pep2741,0.553,0,0,0.553,Non-Toxin
pep2742,0.547,0,0,0.547,Non-Toxin
pep2743,0.55,0,0,0.55,Non-Toxin
pep2744,0.541,0,0,0.541,Non-Toxin
pep2745,0.543,0,0,0.543,Non-Toxin
pep2746,0.554,0,0,0.554,Non-Toxin
pep2747,0.549,0,0,0.549,Non-Toxin
pep2748,0.511,0,0,0.511,Non-Toxin
pep2749,0.539,0,0,0.539,Non-Toxin
pep275,0.849,0,0,0.849,Toxin
pep2750,0.551,0,0,0.551,Non-Toxin
pep2751,0.559,0,0,0.559,Non-Toxin
pep2752,0.583,0,0,0.583,Non-Toxin
pep2753,0.564,0,0,0.564,Non-Toxin
pep2754,0.568,0,0,0.568,Non-Toxin
pep2755,0.595,0,0,0.595,Non-Toxin
pep2756,0.633,0,0,0.633,Toxin
pep2757,0.671,0,0,0.671,Toxin
pep2758,0.649,0,0,0.649,Toxin
pep2759,0.659,0,0,0.659,Toxin
pep276,0.849,0,0,0.849,Toxin
pep2760,0.66,0,0,0.66,Toxin
pep2761,0.723,0,0,0.723,Toxin
pep2762,0.738,0,0,0.738,Toxin
pep2763,0.704,0,0,0.704,Toxin
pep2764,0.603,0,0,0.603,Toxin
pep2765,0.603,0,0,0.603,Toxin
pep2766,0.614,0,0,0.614,Toxin
pep2767,0.641,0,0,0.641,Toxin
pep2768,0.631,0,0,0.631,Toxin
pep2769,0.611,0,0,0.611,Toxin
pep277,0.814,0,0,0.814,Toxin
pep2770,0.618,0,0,0.618,Toxin
pep2771,0.647,0,0,0.647,Toxin
pep2772,0.657,0,0,0.657,Toxin
pep2773,0.652,0,0,0.652,Toxin
pep2774,0.654,0,0,0.654,Toxin
pep2775,0.664,0,0,0.664,Toxin
pep2776,0.659,0,0,0.659,Toxin
pep2777,0.639,0,0,0.639,Toxin
pep2778,0.672,0,0,0.672,Toxin
pep2779,0.673,0,0,0.673,Toxin
pep278,0.832,0,0,0.832,Toxin
pep2780,0.669,0,0,0.669,Toxin
pep2781,0.677,0,0,0.677,Toxin
pep2782,0.678,0,0,0.678,Toxin
pep2783,0.52,0,0,0.52,Non-Toxin
pep2784,0.504,0,0,0.504,Non-Toxin
pep2785,0.508,0,0,0.508,Non-Toxin
pep2786,0.501,0,0,0.501,Non-Toxin
pep2787,0.506,0,0,0.506,Non-Toxin
pep2788,0.509,0,0,0.509,Non-Toxin
pep2789,0.518,0,0,0.518,Non-Toxin
pep279,0.836,0,0,0.836,Toxin
pep2790,0.526,0,0,0.526,Non-Toxin
pep2791,0.525,0,0,0.525,Non-Toxin
pep2792,0.527,0,0,0.527,Non-Toxin
pep2793,0.534,0,0,0.534,Non-Toxin
pep2794,0.553,0,0,0.553,Non-Toxin
pep2795,0.553,0,0,0.553,Non-Toxin
pep2796,0.679,0,0,0.679,Toxin
pep2797,0.672,0,0,0.672,Toxin
pep2798,0.683,0,0,0.683,Toxin
pep2799,0.71,0,0,0.71,Toxin
pep28,0.515,0,0,0.515,Non-Toxin
pep280,0.868,0,0,0.868,Toxin
pep2800,0.695,0,0,0.695,Toxin
pep2801,0.66,0,0,0.66,Toxin
pep2802,0.653,0,0,0.653,Toxin
pep2803,0.651,0,0,0.651,Toxin
pep2804,0.659,0,0,0.659,Toxin
pep2805,0.691,0,0,0.691,Toxin
pep2806,0.682,0,0,0.682,Toxin
pep2807,0.645,0,0,0.645,Toxin
pep2808,0.731,0,0,0.731,Toxin
pep2809,0.74,0,0,0.74,Toxin
pep281,0.868,0,0,0.868,Toxin
pep2810,0.743,0,0,0.743,Toxin
pep2811,0.524,0,0,0.524,Non-Toxin
pep2812,0.553,0,0,0.553,Non-Toxin
pep2813,0.573,0,0,0.573,Non-Toxin
pep2814,0.584,0,0,0.584,Non-Toxin
pep2815,0.614,0,0,0.614,Toxin
pep2816,0.605,0,0,0.605,Toxin
pep2817,0.589,0,0,0.589,Non-Toxin
pep2818,0.611,0,0,0.611,Toxin
pep2819,0.621,0,0,0.621,Toxin
pep282,0.886,0,0,0.886,Toxin
pep2820,0.622,0,0,0.622,Toxin
pep2821,0.695,0,0,0.695,Toxin
pep2822,0.659,0,0,0.659,Toxin
pep2823,0.873,0,0,0.873,Toxin
pep2824,0.839,0,0,0.839,Toxin
pep2825,0.834,0,0,0.834,Toxin
pep2826,0.799,0,0,0.799,Toxin
pep2827,0.792,0,0,0.792,Toxin
pep2828,0.761,0,0,0.761,Toxin
pep2829,0.773,0,0,0.773,Toxin
pep283,0.875,0,0,0.875,Toxin
pep2830,0.754,0,0,0.754,Toxin
pep2831,0.717,0,0,0.717,Toxin
pep2832,0.659,0,0,0.659,Toxin
pep2833,0.665,0,0,0.665,Toxin
pep2834,0.725,0,0,0.725,Toxin
pep2835,0.705,0,0,0.705,Toxin
pep2836,0.694,0,0,0.694,Toxin
pep2837,0.701,0,0,0.701,Toxin
pep2838,0.694,0,0,0.694,Toxin
pep2839,0.624,0,0,0.624,Toxin
pep284,0.884,0,0,0.884,Toxin
pep2840,0.633,0,0,0.633,Toxin
pep2841,0.643,0,0,0.643,Toxin
pep2842,0.643,0,0,0.643,Toxin
pep2843,0.672,0,0,0.672,Toxin
pep2844,0.716,0,0,0.716,Toxin
pep2845,0.711,0,0,0.711,Toxin
pep2846,0.714,0,0,0.714,Toxin
pep2847,0.693,0,0,0.693,Toxin
pep2848,0.865,0,0,0.865,Toxin
pep2849,0.854,0,0,0.854,Toxin
pep285,0.893,0,0,0.893,Toxin
pep2850,0.832,0,0,0.832,Toxin
pep2851,0.802,0,0,0.802,Toxin
pep2852,0.789,0,0,0.789,Toxin
pep2853,0.77,0,0,0.77,Toxin
pep2854,0.763,0,0,0.763,Toxin
pep2855,0.756,0,0,0.756,Toxin
pep2856,0.765,0,0,0.765,Toxin
pep2857,0.643,0,0,0.643,Toxin
pep2858,0.654,0,0,0.654,Toxin
pep2859,0.658,0,0,0.658,Toxin
pep286,0.936,0,0,0.936,Toxin
pep2860,0.65,0,0,0.65,Toxin
pep2861,0.607,0,0,0.607,Toxin
pep2862,0.554,0,0,0.554,Non-Toxin
pep2863,0.581,0,0,0.581,Non-Toxin
pep2864,0.575,0,0,0.575,Non-Toxin
pep2865,0.574,0,0,0.574,Non-Toxin
pep2866,0.572,0,0,0.572,Non-Toxin
pep2867,0.591,0,0,0.591,Non-Toxin
pep2868,0.616,0,0,0.616,Toxin
pep2869,0.614,0,0,0.614,Toxin
pep287,0.957,0,0,0.957,Toxin
pep2870,0.893,0,0,0.893,Toxin
pep2871,0.873,0,0,0.873,Toxin
pep2872,0.872,0,0,0.872,Toxin
pep2873,0.848,0,0,0.848,Toxin
pep2874,0.877,0,0,0.877,Toxin
pep2875,0.847,0,0,0.847,Toxin
pep2876,0.816,0,0,0.816,Toxin
pep2877,0.777,0,0,0.777,Toxin
pep2878,0.713,0,0,0.713,Toxin
pep2879,0.696,0,0,0.696,Toxin
pep288,0.951,0,0,0.951,Toxin
pep2880,0.69,0,0,0.69,Toxin
pep2881,0.63,0,0,0.63,Toxin
pep2882,0.63,0,0,0.63,Toxin
pep2883,0.565,0,0,0.565,Non-Toxin
pep2884,0.58,0,0,0.58,Non-Toxin
pep2885,0.585,0,0,0.585,Non-Toxin
pep2886,0.624,0,0,0.624,Toxin
pep2887,0.573,0,0,0.573,Non-Toxin
pep2888,0.555,0,0,0.555,Non-Toxin
pep2889,0.548,0,0,0.548,Non-Toxin
pep289,0.949,0,0,0.949,Toxin
pep2890,0.553,0,0,0.553,Non-Toxin
pep2891,0.572,0,0,0.572,Non-Toxin
pep2892,0.578,0,0,0.578,Non-Toxin
pep2893,0.57,0,0,0.57,Non-Toxin
pep2894,0.867,0,0,0.867,Toxin
pep2895,0.887,0,0,0.887,Toxin
pep2896,0.888,0,0,0.888,Toxin
pep2897,0.897,0,0,0.897,Toxin
pep2898,0.891,0,0,0.891,Toxin
pep2899,0.867,0,0,0.867,Toxin
pep29,0.522,0,0,0.522,Non-Toxin
pep290,0.945,0,0,0.945,Toxin
pep2900,0.827,0,0,0.827,Toxin
pep2901,0.813,0,0,0.813,Toxin
pep2902,0.767,0,0,0.767,Toxin
pep2903,0.748,0,0,0.748,Toxin
pep2904,0.724,0,0,0.724,Toxin
pep2905,0.673,0,0,0.673,Toxin
pep2906,0.668,0,0,0.668,Toxin
pep2907,0.657,0,0,0.657,Toxin
pep2908,0.683,0,0,0.683,Toxin
pep2909,0.67,0,0,0.67,Toxin
pep291,0.925,0,0,0.925,Toxin
pep2910,0.743,0,0,0.743,Toxin
pep2911,0.752,0,0,0.752,Toxin
pep2912,0.735,0,0,0.735,Toxin
pep2913,0.468,0,0,0.468,Non-Toxin
pep2914,0.462,0,0,0.462,Non-Toxin
pep2915,0.473,0,0,0.473,Non-Toxin
pep2916,0.427,0,0,0.427,Non-Toxin
pep2917,0.434,0,0,0.434,Non-Toxin
pep2918,0.433,0,0,0.433,Non-Toxin
pep2919,0.425,0,0,0.425,Non-Toxin
pep292,0.917,0,0,0.917,Toxin
pep2920,0.44,0,0,0.44,Non-Toxin
pep2921,0.437,0,0,0.437,Non-Toxin
pep2922,0.433,0,0,0.433,Non-Toxin
pep2923,0.451,0,0,0.451,Non-Toxin
pep2924,0.46,0,0,0.46,Non-Toxin
pep2925,0.477,0,0,0.477,Non-Toxin
pep2926,0.708,0,0,0.708,Toxin
pep2927,0.745,0,0,0.745,Toxin
pep2928,0.737,0,0,0.737,Toxin
pep2929,0.746,0,0,0.746,Toxin
pep293,0.899,0,0,0.899,Toxin
pep2930,0.679,0,0,0.679,Toxin
pep2931,0.605,0,0,0.605,Toxin
pep2932,0.602,0,0,0.602,Toxin
pep2933,0.547,0,0,0.547,Non-Toxin
pep2934,0.546,0,0,0.546,Non-Toxin
pep2935,0.568,0,0,0.568,Non-Toxin
pep2936,0.563,0,0,0.563,Non-Toxin
pep2937,0.591,0,0,0.591,Non-Toxin
pep2938,0.593,0,0,0.593,Non-Toxin
pep2939,0.593,0,0,0.593,Non-Toxin
pep294,0.874,0,0,0.874,Toxin
pep2940,0.602,0,0,0.602,Toxin
pep2941,0.607,0,0,0.607,Toxin
pep2942,0.643,0,0,0.643,Toxin
pep2943,0.612,0,0,0.612,Toxin
pep2944,0.678,0,0,0.678,Toxin
pep2945,0.665,0,0,0.665,Toxin
pep2946,0.609,0,0,0.609,Toxin
pep2947,0.626,0,0,0.626,Toxin
pep2948,0.647,0,0,0.647,Toxin
pep2949,0.664,0,0,0.664,Toxin
pep295,0.867,0,0,0.867,Toxin
pep2950,0.688,0,0,0.688,Toxin
pep2951,0.68,0,0,0.68,Toxin
pep2952,0.631,0,0,0.631,Toxin
pep2953,0.617,0,0,0.617,Toxin
pep2954,0.656,0,0,0.656,Toxin
pep2955,0.675,0,0,0.675,Toxin
pep2956,0.574,0,0,0.574,Non-Toxin
pep2957,0.487,0,0,0.487,Non-Toxin
pep2958,0.535,0,0,0.535,Non-Toxin
pep2959,0.491,0,0,0.491,Non-Toxin
pep296,0.831,0,0,0.831,Toxin
pep2960,0.497,0,0,0.497,Non-Toxin
pep2961,0.46,0,0,0.46,Non-Toxin
pep2962,0.459,0,0,0.459,Non-Toxin
pep2963,0.479,0,0,0.479,Non-Toxin
pep2964,0.5,0,0,0.5,Non-Toxin
pep2965,0.514,0,0,0.514,Non-Toxin
pep2966,0.521,0,0,0.521,Non-Toxin
pep2967,0.569,0,0,0.569,Non-Toxin
pep2968,0.493,0,0,0.493,Non-Toxin
pep2969,0.519,0,0,0.519,Non-Toxin
pep297,0.807,0,0,0.807,Toxin
pep2970,0.485,0,0,0.485,Non-Toxin
pep2971,0.492,0,0,0.492,Non-Toxin
pep2972,0.459,0,0,0.459,Non-Toxin
pep2973,0.476,0,0,0.476,Non-Toxin
pep2974,0.508,0,0,0.508,Non-Toxin
pep2975,0.528,0,0,0.528,Non-Toxin
pep2976,0.52,0,0,0.52,Non-Toxin
pep2977,0.777,0,0,0.777,Toxin
pep2978,0.755,0,0,0.755,Toxin
pep2979,0.707,0,0,0.707,Toxin
pep298,0.807,0,0,0.807,Toxin
pep2980,0.704,0,0,0.704,Toxin
pep2981,0.644,0,0,0.644,Toxin
pep2982,0.649,0,0,0.649,Toxin
pep2983,0.656,0,0,0.656,Toxin
pep2984,0.66,0,0,0.66,Toxin
pep2985,0.642,0,0,0.642,Toxin
pep2986,0.646,0,0,0.646,Toxin
pep2987,0.68,0,0,0.68,Toxin
pep2988,0.673,0,0,0.673,Toxin
pep2989,0.676,0,0,0.676,Toxin
pep299,0.955,0,0,0.955,Toxin
pep2990,0.671,0,0,0.671,Toxin
pep2991,0.684,0,0,0.684,Toxin
pep2992,0.689,0,0,0.689,Toxin
pep2993,0.659,0,0,0.659,Toxin
pep2994,0.651,0,0,0.651,Toxin
pep2995,0.655,0,0,0.655,Toxin
pep2996,0.631,0,0,0.631,Toxin
pep2997,0.603,0,0,0.603,Toxin
pep2998,0.574,0,0,0.574,Non-Toxin
pep2999,0.509,0,0,0.509,Non-Toxin
pep3,0.686,0,0,0.686,Toxin
pep30,0.547,0,0,0.547,Non-Toxin
pep300,0.936,0,0,0.936,Toxin
pep3000,0.505,0,0,0.505,Non-Toxin
pep3001,0.549,0,0,0.549,Non-Toxin
pep3002,0.567,0,0,0.567,Non-Toxin
pep3003,0.565,0,0,0.565,Non-Toxin
pep3004,0.783,0,0,0.783,Toxin
pep3005,0.779,0,0,0.779,Toxin
pep3006,0.724,0,0,0.724,Toxin
pep3007,0.721,0,0,0.721,Toxin
pep3008,0.747,0,0,0.747,Toxin
pep3009,0.713,0,0,0.713,Toxin
pep301,0.95,0,0,0.95,Toxin
pep3010,0.716,0,0,0.716,Toxin
pep3011,0.712,0,0,0.712,Toxin
pep3012,0.675,0,0,0.675,Toxin
pep3013,0.699,0,0,0.699,Toxin
pep3014,0.7,0,0,0.7,Toxin
pep3015,0.69,0,0,0.69,Toxin
pep3016,0.686,0,0,0.686,Toxin
pep3017,0.674,0,0,0.674,Toxin
pep3018,0.673,0,0,0.673,Toxin
pep3019,0.722,0,0,0.722,Toxin
pep302,0.905,0,0,0.905,Toxin
pep3020,0.708,0,0,0.708,Toxin
pep3021,0.651,0,0,0.651,Toxin
pep3022,0.677,0,0,0.677,Toxin
pep3023,0.708,0,0,0.708,Toxin
pep3024,0.694,0,0,0.694,Toxin
pep3025,0.701,0,0,0.701,Toxin
pep3026,0.703,0,0,0.703,Toxin
pep3027,0.709,0,0,0.709,Toxin
pep3028,0.641,0,0,0.641,Toxin
pep3029,0.647,0,0,0.647,Toxin
pep303,0.895,0,0,0.895,Toxin
pep3030,0.646,0,0,0.646,Toxin
pep3031,0.644,0,0,0.644,Toxin
pep3032,0.69,0,0,0.69,Toxin
pep3033,0.694,0,0,0.694,Toxin
pep3034,0.702,0,0,0.702,Toxin
pep3035,0.693,0,0,0.693,Toxin
pep3036,0.668,0,0,0.668,Toxin
pep3037,0.654,0,0,0.654,Toxin
pep3038,0.617,0,0,0.617,Toxin
pep3039,0.616,0,0,0.616,Toxin
pep304,0.856,0,0,0.856,Toxin
pep3040,0.62,0,0,0.62,Toxin
pep3041,0.62,0,0,0.62,Toxin
pep3042,0.621,0,0,0.621,Toxin
pep3043,0.616,0,0,0.616,Toxin
pep3044,0.61,0,0,0.61,Toxin
pep3045,0.656,0,0,0.656,Toxin
pep3046,0.652,0,0,0.652,Toxin
pep3047,0.656,0,0,0.656,Toxin
pep3048,0.666,0,0,0.666,Toxin
pep3049,0.684,0,0,0.684,Toxin
pep305,0.856,0,0,0.856,Toxin
pep3050,0.703,0,0,0.703,Toxin
pep3051,0.688,0,0,0.688,Toxin
pep3052,0.688,0,0,0.688,Toxin
pep3053,0.693,0,0,0.693,Toxin
pep3054,0.691,0,0,0.691,Toxin
pep3055,0.7,0,0,0.7,Toxin
pep3056,0.683,0,0,0.683,Toxin
pep3057,0.676,0,0,0.676,Toxin
pep3058,0.598,0,0,0.598,Non-Toxin
pep3059,0.578,0,0,0.578,Non-Toxin
pep306,0.832,0,0,0.832,Toxin
pep3060,0.567,0,0,0.567,Non-Toxin
pep3061,0.569,0,0,0.569,Non-Toxin
pep3062,0.577,0,0,0.577,Non-Toxin
pep3063,0.571,0,0,0.571,Non-Toxin
pep3064,0.567,0,0,0.567,Non-Toxin
pep3065,0.573,0,0,0.573,Non-Toxin
pep3066,0.571,0,0,0.571,Non-Toxin
pep3067,0.578,0,0,0.578,Non-Toxin
pep3068,0.636,0,0,0.636,Toxin
pep3069,0.618,0,0,0.618,Toxin
pep307,0.796,0,0,0.796,Toxin
pep3070,0.613,0,0,0.613,Toxin
pep3071,0.636,0,0,0.636,Toxin
pep3072,0.626,0,0,0.626,Toxin
pep3073,0.57,0,0,0.57,Non-Toxin
pep3074,0.506,0,0,0.506,Non-Toxin
pep3075,0.447,0,0,0.447,Non-Toxin
pep3076,0.455,0,0,0.455,Non-Toxin
pep3077,0.469,0,0,0.469,Non-Toxin
pep3078,0.44,0,0,0.44,Non-Toxin
pep3079,0.491,0,0,0.491,Non-Toxin
pep308,0.796,0,0,0.796,Toxin
pep3080,0.492,0,0,0.492,Non-Toxin
pep3081,0.501,0,0,0.501,Non-Toxin
pep3082,0.721,0,0,0.721,Toxin
pep3083,0.721,0,0,0.721,Toxin
pep3084,0.687,0,0,0.687,Toxin
pep3085,0.649,0,0,0.649,Toxin
pep3086,0.635,0,0,0.635,Toxin
pep3087,0.613,0,0,0.613,Toxin
pep3088,0.622,0,0,0.622,Toxin
pep3089,0.617,0,0,0.617,Toxin
pep309,0.772,0,0,0.772,Toxin
pep3090,0.569,0,0,0.569,Non-Toxin
pep3091,0.593,0,0,0.593,Non-Toxin
pep3092,0.599,0,0,0.599,Non-Toxin
pep3093,0.609,0,0,0.609,Toxin
pep3094,0.585,0,0,0.585,Non-Toxin
pep3095,0.574,0,0,0.574,Non-Toxin
pep3096,0.558,0,0,0.558,Non-Toxin
pep3097,0.545,0,0,0.545,Non-Toxin
pep3098,0.544,0,0,0.544,Non-Toxin
pep3099,0.54,0,0,0.54,Non-Toxin
pep31,0.563,0,0,0.563,Non-Toxin
pep310,0.748,0,0,0.748,Toxin
pep3100,0.552,0,0,0.552,Non-Toxin
pep3101,0.586,0,0,0.586,Non-Toxin
pep3102,0.599,0,0,0.599,Non-Toxin
pep3103,0.619,0,0,0.619,Toxin
pep3104,0.623,0,0,0.623,Toxin
pep3105,0.628,0,0,0.628,Toxin
pep3106,0.605,0,0,0.605,Toxin
pep3107,0.632,0,0,0.632,Toxin
pep3108,0.563,0,0,0.563,Non-Toxin
pep3109,0.576,0,0,0.576,Non-Toxin
pep311,0.761,0,0,0.761,Toxin
pep3110,0.549,0,0,0.549,Non-Toxin
pep3111,0.583,0,0,0.583,Non-Toxin
pep3112,0.6,0,0,0.6,Non-Toxin
pep3113,0.607,0,0,0.607,Toxin
pep3114,0.639,0,0,0.639,Toxin
pep3115,0.638,0,0,0.638,Toxin
pep3116,0.509,0,0,0.509,Non-Toxin
pep3117,0.512,0,0,0.512,Non-Toxin
pep3118,0.52,0,0,0.52,Non-Toxin
pep3119,0.786,0,0,0.786,Toxin
pep312,0.641,0,0,0.641,Toxin
pep3120,0.748,0,0,0.748,Toxin
pep3121,0.747,0,0,0.747,Toxin
pep3122,0.769,0,0,0.769,Toxin
pep3123,0.7,0,0,0.7,Toxin
pep3124,0.694,0,0,0.694,Toxin
pep3125,0.7,0,0,0.7,Toxin
pep3126,0.524,0,0,0.524,Non-Toxin
pep3127,0.524,0,0,0.524,Non-Toxin
pep3128,0.529,0,0,0.529,Non-Toxin
pep3129,0.528,0,0,0.528,Non-Toxin
pep313,0.63,0,0,0.63,Toxin
pep3130,0.558,0,0,0.558,Non-Toxin
pep3131,0.546,0,0,0.546,Non-Toxin
pep3132,0.548,0,0,0.548,Non-Toxin
pep3133,0.855,0,0,0.855,Toxin
pep3134,0.827,0,0,0.827,Toxin
pep3135,0.823,0,0,0.823,Toxin
pep3136,0.842,0,0,0.842,Toxin
pep3137,0.695,0,0,0.695,Toxin
pep3138,0.679,0,0,0.679,Toxin
pep3139,0.713,0,0,0.713,Toxin
pep314,0.634,0,0,0.634,Toxin
pep3140,0.726,0,0,0.726,Toxin
pep3141,0.683,0,0,0.683,Toxin
pep3142,0.794,0,0,0.794,Toxin
pep3143,0.791,0,0,0.791,Toxin
pep3144,0.775,0,0,0.775,Toxin
pep3145,0.493,0,0,0.493,Non-Toxin
pep3146,0.495,0,0,0.495,Non-Toxin
pep3147,0.477,0,0,0.477,Non-Toxin
pep3148,0.69,0,0,0.69,Toxin
pep3149,0.691,0,0,0.691,Toxin
pep315,0.839,0,0,0.839,Toxin
pep3150,0.68,0,0,0.68,Toxin
pep3151,0.677,0,0,0.677,Toxin
pep3152,0.628,0,0,0.628,Toxin
pep3153,0.63,0,0,0.63,Toxin
pep3154,0.651,0,0,0.651,Toxin
pep3155,0.566,0,0,0.566,Non-Toxin
pep3156,0.593,0,0,0.593,Non-Toxin
pep3157,0.547,0,0,0.547,Non-Toxin
pep3158,0.576,0,0,0.576,Non-Toxin
pep3159,0.579,0,0,0.579,Non-Toxin
pep316,0.845,0,0,0.845,Toxin
pep3160,0.567,0,0,0.567,Non-Toxin
pep3161,0.584,0,0,0.584,Non-Toxin
pep3162,0.594,0,0,0.594,Non-Toxin
pep3163,0.616,0,0,0.616,Toxin
pep3164,0.611,0,0,0.611,Toxin
pep3165,0.604,0,0,0.604,Toxin
pep3166,0.607,0,0,0.607,Toxin
pep3167,0.617,0,0,0.617,Toxin
pep3168,0.569,0,0,0.569,Non-Toxin
pep3169,0.622,0,0,0.622,Toxin
pep317,0.844,0,0,0.844,Toxin
pep3170,0.615,0,0,0.615,Toxin
pep3171,0.602,0,0,0.602,Toxin
pep3172,0.588,0,0,0.588,Non-Toxin
pep3173,0.593,0,0,0.593,Non-Toxin
pep3174,0.58,0,0,0.58,Non-Toxin
pep3175,0.563,0,0,0.563,Non-Toxin
pep3176,0.565,0,0,0.565,Non-Toxin
pep3177,0.598,0,0,0.598,Non-Toxin
pep3178,0.565,0,0,0.565,Non-Toxin
pep3179,0.565,0,0,0.565,Non-Toxin
pep318,0.785,0,0,0.785,Toxin
pep3180,0.574,0,0,0.574,Non-Toxin
pep3181,0.575,0,0,0.575,Non-Toxin
pep3182,0.622,0,0,0.622,Toxin
pep3183,0.634,0,0,0.634,Toxin
pep3184,0.603,0,0,0.603,Toxin
pep3185,0.605,0,0,0.605,Toxin
pep3186,0.603,0,0,0.603,Toxin
pep3187,0.573,0,0,0.573,Non-Toxin
pep3188,0.557,0,0,0.557,Non-Toxin
pep3189,0.61,0,0,0.61,Toxin
pep319,0.804,0,0,0.804,Toxin
pep3190,0.612,0,0,0.612,Toxin
pep3191,0.608,0,0,0.608,Toxin
pep3192,0.616,0,0,0.616,Toxin
pep3193,0.606,0,0,0.606,Toxin
pep3194,0.525,0,0,0.525,Non-Toxin
pep3195,0.539,0,0,0.539,Non-Toxin
pep3196,0.547,0,0,0.547,Non-Toxin
pep3197,0.571,0,0,0.571,Non-Toxin
pep3198,0.583,0,0,0.583,Non-Toxin
pep3199,0.576,0,0,0.576,Non-Toxin
pep32,0.573,0,0,0.573,Non-Toxin
pep320,0.798,0,0,0.798,Toxin
pep3200,0.566,0,0,0.566,Non-Toxin
pep3201,0.622,0,0,0.622,Toxin
pep3202,0.645,0,0,0.645,Toxin
pep3203,0.663,0,0,0.663,Toxin
pep3204,0.668,0,0,0.668,Toxin
pep3205,0.66,0,0,0.66,Toxin
pep3206,0.66,0,0,0.66,Toxin
pep3207,0.647,0,0,0.647,Toxin
pep3208,0.649,0,0,0.649,Toxin
pep3209,0.653,0,0,0.653,Toxin
pep321,0.778,0,0,0.778,Toxin
pep3210,0.684,0,0,0.684,Toxin
pep3211,0.659,0,0,0.659,Toxin
pep322,0.763,0,0,0.763,Toxin
pep323,0.742,0,0,0.742,Toxin
pep324,0.72,0,0,0.72,Toxin
pep325,0.714,0,0,0.714,Toxin
pep326,0.715,0,0,0.715,Toxin
pep327,0.713,0,0,0.713,Toxin
pep328,0.952,0,0,0.952,Toxin
pep329,0.945,0,0,0.945,Toxin
pep33,0.7,0,0,0.7,Toxin
pep330,0.928,0,0,0.928,Toxin
pep331,0.904,0,0,0.904,Toxin
pep332,0.913,0,0,0.913,Toxin
pep333,0.886,0,0,0.886,Toxin
pep334,0.9,0,0,0.9,Toxin
pep335,0.739,0,0,0.739,Toxin
pep336,0.727,0,0,0.727,Toxin
pep337,0.701,0,0,0.701,Toxin
pep338,0.663,0,0,0.663,Toxin
pep339,0.658,0,0,0.658,Toxin
pep34,0.694,0,0,0.694,Toxin
pep340,0.64,0,0,0.64,Toxin
pep341,0.844,0,0,0.844,Toxin
pep342,0.858,0,0,0.858,Toxin
pep343,0.861,0,0,0.861,Toxin
pep344,0.85,0,0,0.85,Toxin
pep345,0.775,0,0,0.775,Toxin
pep346,0.719,0,0,0.719,Toxin
pep347,0.702,0,0,0.702,Toxin
pep348,0.716,0,0,0.716,Toxin
pep349,0.697,0,0,0.697,Toxin
pep35,0.679,0,0,0.679,Toxin
pep350,0.672,0,0,0.672,Toxin
pep351,0.938,0,0,0.938,Toxin
pep352,0.939,0,0,0.939,Toxin
pep353,0.917,0,0,0.917,Toxin
pep354,0.897,0,0,0.897,Toxin
pep355,0.866,0,0,0.866,Toxin
pep356,0.857,0,0,0.857,Toxin
pep357,0.818,0,0,0.818,Toxin
pep358,0.833,0,0,0.833,Toxin
pep359,0.855,0,0,0.855,Toxin
pep36,0.686,0,0,0.686,Toxin
pep360,0.513,0,0,0.513,Non-Toxin
pep361,0.504,0,0,0.504,Non-Toxin
pep362,0.519,0,0,0.519,Non-Toxin
pep363,0.471,0,0,0.471,Non-Toxin
pep364,0.466,0,0,0.466,Non-Toxin
pep365,0.465,0,0,0.465,Non-Toxin
pep366,0.458,0,0,0.458,Non-Toxin
pep367,0.47,0,0,0.47,Non-Toxin
pep368,0.481,0,0,0.481,Non-Toxin
pep369,0.486,0,0,0.486,Non-Toxin
pep37,0.627,0,0,0.627,Toxin
pep370,0.496,0,0,0.496,Non-Toxin
pep371,0.7,0,0,0.7,Toxin
pep372,0.684,0,0,0.684,Toxin
pep373,0.695,0,0,0.695,Toxin
pep374,0.687,0,0,0.687,Toxin
pep375,0.666,0,0,0.666,Toxin
pep376,0.668,0,0,0.668,Toxin
pep377,0.652,0,0,0.652,Toxin
pep378,0.667,0,0,0.667,Toxin
pep379,0.683,0,0,0.683,Toxin
pep38,0.582,0,0,0.582,Non-Toxin
pep380,0.664,0,0,0.664,Toxin
pep381,0.653,0,0,0.653,Toxin
pep382,0.64,0,0,0.64,Toxin
pep383,0.625,0,0,0.625,Toxin
pep384,0.655,0,0,0.655,Toxin
pep385,0.66,0,0,0.66,Toxin
pep386,0.655,0,0,0.655,Toxin
pep387,0.682,0,0,0.682,Toxin
pep388,0.668,0,0,0.668,Toxin
pep389,0.68,0,0,0.68,Toxin
pep39,0.608,0,0,0.608,Toxin
pep390,0.665,0,0,0.665,Toxin
pep391,0.682,0,0,0.682,Toxin
pep392,0.671,0,0,0.671,Toxin
pep393,0.678,0,0,0.678,Toxin
pep394,0.68,0,0,0.68,Toxin
pep395,0.673,0,0,0.673,Toxin
pep396,0.684,0,0,0.684,Toxin
pep397,0.727,0,0,0.727,Toxin
pep398,0.705,0,0,0.705,Toxin
pep399,0.896,0,0,0.896,Toxin
pep4,0.643,0,0,0.643,Toxin
pep40,0.619,0,0,0.619,Toxin
pep400,0.888,0,0,0.888,Toxin
pep401,0.883,0,0,0.883,Toxin
pep402,0.854,0,0,0.854,Toxin
pep403,0.831,0,0,0.831,Toxin
pep404,0.818,0,0,0.818,Toxin
pep405,0.802,0,0,0.802,Toxin
pep406,0.762,0,0,0.762,Toxin
pep407,0.75,0,0,0.75,Toxin
pep408,0.75,0,0,0.75,Toxin
pep409,0.76,0,0,0.76,Toxin
pep41,0.616,0,0,0.616,Toxin
pep410,0.769,0,0,0.769,Toxin
pep411,0.774,0,0,0.774,Toxin
pep412,0.748,0,0,0.748,Toxin
pep413,0.851,0,0,0.851,Toxin
pep414,0.821,0,0,0.821,Toxin
pep415,0.787,0,0,0.787,Toxin
pep416,0.798,0,0,0.798,Toxin
pep417,0.819,0,0,0.819,Toxin
pep418,0.816,0,0,0.816,Toxin
pep419,0.817,0,0,0.817,Toxin
pep42,0.581,0,0,0.581,Non-Toxin
pep420,0.794,0,0,0.794,Toxin
pep421,0.569,0,0,0.569,Non-Toxin
pep422,0.559,0,0,0.559,Non-Toxin
pep423,0.555,0,0,0.555,Non-Toxin
pep424,0.507,0,0,0.507,Non-Toxin
pep425,0.505,0,0,0.505,Non-Toxin
pep426,0.499,0,0,0.499,Non-Toxin
pep427,0.487,0,0,0.487,Non-Toxin
pep428,0.5,0,0,0.5,Non-Toxin
pep429,0.497,0,0,0.497,Non-Toxin
pep43,0.557,0,0,0.557,Non-Toxin
pep430,0.707,0,0,0.707,Toxin
pep431,0.711,0,0,0.711,Toxin
pep432,0.666,0,0,0.666,Toxin
pep433,0.659,0,0,0.659,Toxin
pep434,0.661,0,0,0.661,Toxin
pep435,0.693,0,0,0.693,Toxin
pep436,0.706,0,0,0.706,Toxin
pep437,0.685,0,0,0.685,Toxin
pep438,0.702,0,0,0.702,Toxin
pep439,0.729,0,0,0.729,Toxin
pep44,0.56,0,0,0.56,Non-Toxin
pep440,0.737,0,0,0.737,Toxin
pep441,0.666,0,0,0.666,Toxin
pep442,0.706,0,0,0.706,Toxin
pep443,0.606,0,0,0.606,Toxin
pep444,0.626,0,0,0.626,Toxin
pep445,0.601,0,0,0.601,Toxin
pep446,0.59,0,0,0.59,Non-Toxin
pep447,0.541,0,0,0.541,Non-Toxin
pep448,0.479,0,0,0.479,Non-Toxin
pep449,0.473,0,0,0.473,Non-Toxin
pep45,0.591,0,0,0.591,Non-Toxin
pep450,0.507,0,0,0.507,Non-Toxin
pep451,0.529,0,0,0.529,Non-Toxin
pep452,0.539,0,0,0.539,Non-Toxin
pep453,0.541,0,0,0.541,Non-Toxin
pep454,0.523,0,0,0.523,Non-Toxin
pep455,0.631,0,0,0.631,Toxin
pep456,0.623,0,0,0.623,Toxin
pep457,0.589,0,0,0.589,Non-Toxin
pep458,0.551,0,0,0.551,Non-Toxin
pep459,0.552,0,0,0.552,Non-Toxin
pep46,0.571,0,0,0.571,Non-Toxin
pep460,0.557,0,0,0.557,Non-Toxin
pep461,0.599,0,0,0.599,Non-Toxin
pep462,0.612,0,0,0.612,Toxin
pep463,0.669,0,0,0.669,Toxin
pep464,0.696,0,0,0.696,Toxin
pep465,0.509,0,0,0.509,Non-Toxin
pep466,0.498,0,0,0.498,Non-Toxin
pep467,0.505,0,0,0.505,Non-Toxin
pep468,0.459,0,0,0.459,Non-Toxin
pep469,0.453,0,0,0.453,Non-Toxin
pep47,0.564,0,0,0.564,Non-Toxin
pep470,0.444,0,0,0.444,Non-Toxin
pep471,0.445,0,0,0.445,Non-Toxin
pep472,0.452,0,0,0.452,Non-Toxin
pep473,0.452,0,0,0.452,Non-Toxin
pep474,0.459,0,0,0.459,Non-Toxin
pep475,0.466,0,0,0.466,Non-Toxin
pep476,0.481,0,0,0.481,Non-Toxin
pep477,0.628,0,0,0.628,Toxin
pep478,0.614,0,0,0.614,Toxin
pep479,0.558,0,0,0.558,Non-Toxin
pep48,0.608,0,0,0.608,Toxin
pep480,0.539,0,0,0.539,Non-Toxin
pep481,0.563,0,0,0.563,Non-Toxin
pep482,0.563,0,0,0.563,Non-Toxin
pep483,0.592,0,0,0.592,Non-Toxin
pep484,0.598,0,0,0.598,Non-Toxin
pep485,0.596,0,0,0.596,Non-Toxin
pep486,0.604,0,0,0.604,Toxin
pep487,0.625,0,0,0.625,Toxin
pep488,0.632,0,0,0.632,Toxin
pep489,0.668,0,0,0.668,Toxin
pep49,0.613,0,0,0.613,Toxin
pep490,0.694,0,0,0.694,Toxin
pep491,0.702,0,0,0.702,Toxin
pep492,0.716,0,0,0.716,Toxin
pep493,0.709,0,0,0.709,Toxin
pep494,0.663,0,0,0.663,Toxin
pep495,0.636,0,0,0.636,Toxin
pep496,0.626,0,0,0.626,Toxin
pep497,0.627,0,0,0.627,Toxin
pep498,0.621,0,0,0.621,Toxin
pep499,0.636,0,0,0.636,Toxin
pep5,0.625,0,0,0.625,Toxin
pep50,0.579,0,0,0.579,Non-Toxin
pep500,0.645,0,0,0.645,Toxin
pep501,0.624,0,0,0.624,Toxin
pep502,0.625,0,0,0.625,Toxin
pep503,0.628,0,0,0.628,Toxin
pep504,0.631,0,0,0.631,Toxin
pep505,0.586,0,0,0.586,Non-Toxin
pep506,0.599,0,0,0.599,Non-Toxin
pep507,0.614,0,0,0.614,Toxin
pep508,0.833,0,0,0.833,Toxin
pep509,0.823,0,0,0.823,Toxin
pep51,0.586,0,0,0.586,Non-Toxin
pep510,0.819,0,0,0.819,Toxin
pep511,0.69,0,0,0.69,Toxin
pep512,0.703,0,0,0.703,Toxin
pep513,0.727,0,0,0.727,Toxin
pep514,0.721,0,0,0.721,Toxin
pep515,0.698,0,0,0.698,Toxin
pep516,0.791,0,0,0.791,Toxin
pep517,0.784,0,0,0.784,Toxin
pep518,0.616,0,0,0.616,Toxin
pep519,0.654,0,0,0.654,Toxin
pep52,0.582,0,0,0.582,Non-Toxin
pep520,0.65,0,0,0.65,Toxin
pep521,0.661,0,0,0.661,Toxin
pep522,0.665,0,0,0.665,Toxin
pep523,0.668,0,0,0.668,Toxin
pep524,0.651,0,0,0.651,Toxin
pep525,0.66,0,0,0.66,Toxin
pep526,0.659,0,0,0.659,Toxin
pep527,0.663,0,0,0.663,Toxin
pep528,0.666,0,0,0.666,Toxin
pep529,0.641,0,0,0.641,Toxin
pep53,0.594,0,0,0.594,Non-Toxin
pep530,0.712,0,0,0.712,Toxin
pep531,0.921,0,0,0.921,Toxin
pep532,0.948,0,0,0.948,Toxin
pep533,0.939,0,0,0.939,Toxin
pep534,0.95,0,0,0.95,Toxin
pep535,0.905,0,0,0.905,Toxin
pep536,0.886,0,0,0.886,Toxin
pep537,0.838,0,0,0.838,Toxin
pep538,0.83,0,0,0.83,Toxin
pep539,0.81,0,0,0.81,Toxin
pep54,0.601,0,0,0.601,Toxin
pep540,0.806,0,0,0.806,Toxin
pep541,0.784,0,0,0.784,Toxin
pep542,0.768,0,0,0.768,Toxin
pep543,0.754,0,0,0.754,Toxin
pep544,0.919,0,0,0.919,Toxin
pep545,0.911,0,0,0.911,Toxin
pep546,0.887,0,0,0.887,Toxin
pep547,0.869,0,0,0.869,Toxin
pep548,0.833,0,0,0.833,Toxin
pep549,0.823,0,0,0.823,Toxin
pep55,0.6,0,0,0.6,Non-Toxin
pep550,0.794,0,0,0.794,Toxin
pep551,0.837,0,0,0.837,Toxin
pep552,0.689,0,0,0.689,Toxin
pep553,0.684,0,0,0.684,Toxin
pep554,0.696,0,0,0.696,Toxin
pep555,0.717,0,0,0.717,Toxin
pep556,0.705,0,0,0.705,Toxin
pep557,0.678,0,0,0.678,Toxin
pep558,0.667,0,0,0.667,Toxin
pep559,0.662,0,0,0.662,Toxin
pep56,0.532,0,0,0.532,Non-Toxin
pep560,0.683,0,0,0.683,Toxin
pep561,0.711,0,0,0.711,Toxin
pep562,0.695,0,0,0.695,Toxin
pep563,0.685,0,0,0.685,Toxin
pep564,0.647,0,0,0.647,Toxin
pep565,0.93,0,0,0.93,Toxin
pep566,0.636,0,0,0.636,Toxin
pep567,0.586,0,0,0.586,Non-Toxin
pep568,0.585,0,0,0.585,Non-Toxin
pep569,0.564,0,0,0.564,Non-Toxin
pep57,0.55,0,0,0.55,Non-Toxin
pep570,0.571,0,0,0.571,Non-Toxin
pep571,0.571,0,0,0.571,Non-Toxin
pep572,0.581,0,0,0.581,Non-Toxin
pep573,0.616,0,0,0.616,Toxin
pep574,0.603,0,0,0.603,Toxin
pep575,0.526,0,0,0.526,Non-Toxin
pep576,0.518,0,0,0.518,Non-Toxin
pep577,0.522,0,0,0.522,Non-Toxin
pep578,0.568,0,0,0.568,Non-Toxin
pep579,0.604,0,0,0.604,Toxin
pep58,0.56,0,0,0.56,Non-Toxin
pep580,0.62,0,0,0.62,Toxin
pep581,0.612,0,0,0.612,Toxin
pep582,0.619,0,0,0.619,Toxin
pep583,0.637,0,0,0.637,Toxin
pep584,0.625,0,0,0.625,Toxin
pep585,0.737,0,0,0.737,Toxin
pep586,0.709,0,0,0.709,Toxin
pep587,0.705,0,0,0.705,Toxin
pep588,0.706,0,0,0.706,Toxin
pep589,0.678,0,0,0.678,Toxin
pep59,0.568,0,0,0.568,Non-Toxin
pep590,0.67,0,0,0.67,Toxin
pep591,0.593,0,0,0.593,Non-Toxin
pep592,0.578,0,0,0.578,Non-Toxin
pep593,0.583,0,0,0.583,Non-Toxin
pep594,0.598,0,0,0.598,Non-Toxin
pep595,0.628,0,0,0.628,Toxin
pep596,0.611,0,0,0.611,Toxin
pep597,0.611,0,0,0.611,Toxin
pep598,0.56,0,0,0.56,Non-Toxin
pep599,0.595,0,0,0.595,Non-Toxin
pep6,0.712,0,0,0.712,Toxin
pep60,0.566,0,0,0.566,Non-Toxin
pep600,0.589,0,0,0.589,Non-Toxin
pep601,0.62,0,0,0.62,Toxin
pep602,0.608,0,0,0.608,Toxin
pep603,0.629,0,0,0.629,Toxin
pep604,0.653,0,0,0.653,Toxin
pep605,0.635,0,0,0.635,Toxin
pep606,0.639,0,0,0.639,Toxin
pep607,0.623,0,0,0.623,Toxin
pep608,0.603,0,0,0.603,Toxin
pep609,0.934,0,0,0.934,Toxin
pep61,0.628,0,0,0.628,Toxin
pep610,0.936,0,0,0.936,Toxin
pep611,0.724,0,0,0.724,Toxin
pep612,0.696,0,0,0.696,Toxin
pep613,0.712,0,0,0.712,Toxin
pep614,0.725,0,0,0.725,Toxin
pep615,0.664,0,0,0.664,Toxin
pep616,0.633,0,0,0.633,Toxin
pep617,0.735,0,0,0.735,Toxin
pep618,0.745,0,0,0.745,Toxin
pep619,0.76,0,0,0.76,Toxin
pep62,0.618,0,0,0.618,Toxin
pep620,0.753,0,0,0.753,Toxin
pep621,0.689,0,0,0.689,Toxin
pep622,0.659,0,0,0.659,Toxin
pep623,0.655,0,0,0.655,Toxin
pep624,0.691,0,0,0.691,Toxin
pep625,0.628,0,0,0.628,Toxin
pep626,0.625,0,0,0.625,Toxin
pep627,0.637,0,0,0.637,Toxin
pep628,0.624,0,0,0.624,Toxin
pep629,0.899,0,0,0.899,Toxin
pep63,0.689,0,0,0.689,Toxin
pep630,0.9,0,0,0.9,Toxin
pep631,0.873,0,0,0.873,Toxin
pep632,0.861,0,0,0.861,Toxin
pep633,0.829,0,0,0.829,Toxin
pep634,0.827,0,0,0.827,Toxin
pep635,0.803,0,0,0.803,Toxin
pep636,0.598,0,0,0.598,Non-Toxin
pep637,0.665,0,0,0.665,Toxin
pep638,0.659,0,0,0.659,Toxin
pep639,0.644,0,0,0.644,Toxin
pep64,0.692,0,0,0.692,Toxin
pep640,0.593,0,0,0.593,Non-Toxin
pep641,0.614,0,0,0.614,Toxin
pep642,0.614,0,0,0.614,Toxin
pep643,0.617,0,0,0.617,Toxin
pep644,0.621,0,0,0.621,Toxin
pep645,0.628,0,0,0.628,Toxin
pep646,0.636,0,0,0.636,Toxin
pep647,0.625,0,0,0.625,Toxin
pep648,0.597,0,0,0.597,Non-Toxin
pep649,0.537,0,0,0.537,Non-Toxin
pep65,0.687,0,0,0.687,Toxin
pep650,0.563,0,0,0.563,Non-Toxin
pep651,0.521,0,0,0.521,Non-Toxin
pep652,0.54,0,0,0.54,Non-Toxin
pep653,0.537,0,0,0.537,Non-Toxin
pep654,0.546,0,0,0.546,Non-Toxin
pep655,0.577,0,0,0.577,Non-Toxin
pep656,0.587,0,0,0.587,Non-Toxin
pep657,0.6,0,0,0.6,Non-Toxin
pep658,0.567,0,0,0.567,Non-Toxin
pep659,0.599,0,0,0.599,Non-Toxin
pep66,0.626,0,0,0.626,Toxin
pep660,0.606,0,0,0.606,Toxin
pep661,0.594,0,0,0.594,Non-Toxin
pep662,0.58,0,0,0.58,Non-Toxin
pep663,0.55,0,0,0.55,Non-Toxin
pep664,0.549,0,0,0.549,Non-Toxin
pep665,0.552,0,0,0.552,Non-Toxin
pep666,0.535,0,0,0.535,Non-Toxin
pep667,0.527,0,0,0.527,Non-Toxin
pep668,0.538,0,0,0.538,Non-Toxin
pep669,0.547,0,0,0.547,Non-Toxin
pep67,0.574,0,0,0.574,Non-Toxin
pep670,0.555,0,0,0.555,Non-Toxin
pep671,0.684,0,0,0.684,Toxin
pep672,0.678,0,0,0.678,Toxin
pep673,0.606,0,0,0.606,Toxin
pep674,0.606,0,0,0.606,Toxin
pep675,0.607,0,0,0.607,Toxin
pep676,0.631,0,0,0.631,Toxin
pep677,0.635,0,0,0.635,Toxin
pep678,0.617,0,0,0.617,Toxin
pep679,0.628,0,0,0.628,Toxin
pep68,0.828,0,0,0.828,Toxin
pep680,0.641,0,0,0.641,Toxin
pep681,0.651,0,0,0.651,Toxin
pep682,0.597,0,0,0.597,Non-Toxin
pep683,0.619,0,0,0.619,Toxin
pep684,0.618,0,0,0.618,Toxin
pep685,0.651,0,0,0.651,Toxin
pep686,0.663,0,0,0.663,Toxin
pep687,0.662,0,0,0.662,Toxin
pep688,0.648,0,0,0.648,Toxin
pep689,0.631,0,0,0.631,Toxin
pep69,0.797,0,0,0.797,Toxin
pep690,0.621,0,0,0.621,Toxin
pep691,0.589,0,0,0.589,Non-Toxin
pep692,0.608,0,0,0.608,Toxin
pep693,0.62,0,0,0.62,Toxin
pep694,0.619,0,0,0.619,Toxin
pep695,0.448,0,0,0.448,Non-Toxin
pep696,0.488,0,0,0.488,Non-Toxin
pep697,0.474,0,0,0.474,Non-Toxin
pep698,0.54,0,0,0.54,Non-Toxin
pep699,0.562,0,0,0.562,Non-Toxin
pep7,0.692,0,0,0.692,Toxin
pep70,0.779,0,0,0.779,Toxin
pep700,0.581,0,0,0.581,Non-Toxin
pep701,0.597,0,0,0.597,Non-Toxin
pep702,0.621,0,0,0.621,Toxin
pep703,0.614,0,0,0.614,Toxin
pep704,0.597,0,0,0.597,Non-Toxin
pep705,0.61,0,0,0.61,Toxin
pep706,0.624,0,0,0.624,Toxin
pep707,0.63,0,0,0.63,Toxin
pep708,0.623,0,0,0.623,Toxin
pep709,0.551,0,0,0.551,Non-Toxin
pep71,0.744,0,0,0.744,Toxin
pep710,0.557,0,0,0.557,Non-Toxin
pep711,0.545,0,0,0.545,Non-Toxin
pep712,0.578,0,0,0.578,Non-Toxin
pep713,0.602,0,0,0.602,Toxin
pep714,0.611,0,0,0.611,Toxin
pep715,0.599,0,0,0.599,Non-Toxin
pep716,0.615,0,0,0.615,Toxin
pep717,0.66,0,0,0.66,Toxin
pep718,0.935,0,0,0.935,Toxin
pep719,0.948,0,0,0.948,Toxin
pep72,0.74,0,0,0.74,Toxin
pep720,0.956,0,0,0.956,Toxin
pep721,0.95,0,0,0.95,Toxin
pep722,0.948,0,0,0.948,Toxin
pep723,0.898,0,0,0.898,Toxin
pep724,0.886,0,0,0.886,Toxin
pep725,0.829,0,0,0.829,Toxin
pep726,0.815,0,0,0.815,Toxin
pep727,0.816,0,0,0.816,Toxin
pep728,0.805,0,0,0.805,Toxin
pep729,0.795,0,0,0.795,Toxin
pep73,0.732,0,0,0.732,Toxin
pep730,0.777,0,0,0.777,Toxin
pep731,0.709,0,0,0.709,Toxin
pep732,0.674,0,0,0.674,Toxin
pep733,0.888,0,0,0.888,Toxin
pep734,0.873,0,0,0.873,Toxin
pep735,0.862,0,0,0.862,Toxin
pep736,0.843,0,0,0.843,Toxin
pep737,0.81,0,0,0.81,Toxin
pep738,0.8,0,0,0.8,Toxin
pep739,0.783,0,0,0.783,Toxin
pep74,0.711,0,0,0.711,Toxin
pep740,0.767,0,0,0.767,Toxin
pep741,0.746,0,0,0.746,Toxin
pep742,0.581,0,0,0.581,Non-Toxin
pep743,0.559,0,0,0.559,Non-Toxin
pep744,0.565,0,0,0.565,Non-Toxin
pep745,0.513,0,0,0.513,Non-Toxin
pep746,0.528,0,0,0.528,Non-Toxin
pep747,0.547,0,0,0.547,Non-Toxin
pep748,0.529,0,0,0.529,Non-Toxin
pep749,0.77,0,0,0.77,Toxin
pep75,0.704,0,0,0.704,Toxin
pep750,0.751,0,0,0.751,Toxin
pep751,0.72,0,0,0.72,Toxin
pep752,0.708,0,0,0.708,Toxin
pep753,0.729,0,0,0.729,Toxin
pep754,0.676,0,0,0.676,Toxin
pep755,0.737,0,0,0.737,Toxin
pep756,0.745,0,0,0.745,Toxin
pep757,0.751,0,0,0.751,Toxin
pep758,0.949,0,0,0.949,Toxin
pep759,0.944,0,0,0.944,Toxin
pep76,0.634,0,0,0.634,Toxin
pep760,0.928,0,0,0.928,Toxin
pep761,0.918,0,0,0.918,Toxin
pep762,0.925,0,0,0.925,Toxin
pep763,0.885,0,0,0.885,Toxin
pep764,0.87,0,0,0.87,Toxin
pep765,0.872,0,0,0.872,Toxin
pep766,0.894,0,0,0.894,Toxin
pep767,0.904,0,0,0.904,Toxin
pep768,0.872,0,0,0.872,Toxin
pep769,0.847,0,0,0.847,Toxin
pep77,0.631,0,0,0.631,Toxin
pep770,0.783,0,0,0.783,Toxin
pep771,0.748,0,0,0.748,Toxin
pep772,0.731,0,0,0.731,Toxin
pep773,0.715,0,0,0.715,Toxin
pep774,0.705,0,0,0.705,Toxin
pep775,0.719,0,0,0.719,Toxin
pep776,0.645,0,0,0.645,Toxin
pep777,0.654,0,0,0.654,Toxin
pep778,0.607,0,0,0.607,Toxin
pep779,0.561,0,0,0.561,Non-Toxin
pep78,0.576,0,0,0.576,Non-Toxin
pep780,0.572,0,0,0.572,Non-Toxin
pep781,0.557,0,0,0.557,Non-Toxin
pep782,0.556,0,0,0.556,Non-Toxin
pep783,0.564,0,0,0.564,Non-Toxin
pep784,0.558,0,0,0.558,Non-Toxin
pep785,0.563,0,0,0.563,Non-Toxin
pep786,0.597,0,0,0.597,Non-Toxin
pep787,0.608,0,0,0.608,Toxin
pep788,0.601,0,0,0.601,Toxin
pep789,0.715,0,0,0.715,Toxin
pep79,0.495,0,0,0.495,Non-Toxin
pep790,0.676,0,0,0.676,Toxin
pep791,0.654,0,0,0.654,Toxin
pep792,0.679,0,0,0.679,Toxin
pep793,0.632,0,0,0.632,Toxin
pep794,0.654,0,0,0.654,Toxin
pep795,0.616,0,0,0.616,Toxin
pep796,0.611,0,0,0.611,Toxin
pep797,0.619,0,0,0.619,Toxin
pep798,0.616,0,0,0.616,Toxin
pep799,0.597,0,0,0.597,Non-Toxin
pep8,0.686,0,0,0.686,Toxin
pep80,0.451,0,0,0.451,Non-Toxin
pep800,0.604,0,0,0.604,Toxin
pep801,0.593,0,0,0.593,Non-Toxin
pep802,0.707,0,0,0.707,Toxin
pep803,0.673,0,0,0.673,Toxin
pep804,0.889,0,0,0.889,Toxin
pep805,0.896,0,0,0.896,Toxin
pep806,0.883,0,0,0.883,Toxin
pep807,0.86,0,0,0.86,Toxin
pep808,0.837,0,0,0.837,Toxin
pep809,0.802,0,0,0.802,Toxin
pep81,0.466,0,0,0.466,Non-Toxin
pep810,0.8,0,0,0.8,Toxin
pep811,0.768,0,0,0.768,Toxin
pep812,0.751,0,0,0.751,Toxin
pep813,0.746,0,0,0.746,Toxin
pep814,0.694,0,0,0.694,Toxin
pep815,0.708,0,0,0.708,Toxin
pep816,0.697,0,0,0.697,Toxin
pep817,0.71,0,0,0.71,Toxin
pep818,0.707,0,0,0.707,Toxin
pep819,0.734,0,0,0.734,Toxin
pep82,0.49,0,0,0.49,Non-Toxin
pep820,0.719,0,0,0.719,Toxin
pep821,0.58,0,0,0.58,Non-Toxin
pep822,0.59,0,0,0.59,Non-Toxin
pep823,0.601,0,0,0.601,Toxin
pep824,0.627,0,0,0.627,Toxin
pep825,0.625,0,0,0.625,Toxin
pep826,0.63,0,0,0.63,Toxin
pep827,0.633,0,0,0.633,Toxin
pep828,0.614,0,0,0.614,Toxin
pep829,0.924,0,0,0.924,Toxin
pep83,0.455,0,0,0.455,Non-Toxin
pep830,0.916,0,0,0.916,Toxin
pep831,0.897,0,0,0.897,Toxin
pep832,0.887,0,0,0.887,Toxin
pep833,0.885,0,0,0.885,Toxin
pep834,0.83,0,0,0.83,Toxin
pep835,0.859,0,0,0.859,Toxin
pep836,0.872,0,0,0.872,Toxin
pep837,0.879,0,0,0.879,Toxin
pep838,0.895,0,0,0.895,Toxin
pep839,0.903,0,0,0.903,Toxin
pep84,0.501,0,0,0.501,Non-Toxin
pep840,0.57,0,0,0.57,Non-Toxin
pep841,0.617,0,0,0.617,Toxin
pep842,0.602,0,0,0.602,Toxin
pep843,0.609,0,0,0.609,Toxin
pep844,0.564,0,0,0.564,Non-Toxin
pep845,0.571,0,0,0.571,Non-Toxin
pep846,0.576,0,0,0.576,Non-Toxin
pep847,0.589,0,0,0.589,Non-Toxin
pep848,0.59,0,0,0.59,Non-Toxin
pep849,0.589,0,0,0.589,Non-Toxin
pep85,0.727,0,0,0.727,Toxin
pep850,0.729,0,0,0.729,Toxin
pep851,0.736,0,0,0.736,Toxin
pep852,0.724,0,0,0.724,Toxin
pep853,0.73,0,0,0.73,Toxin
pep854,0.72,0,0,0.72,Toxin
pep855,0.908,0,0,0.908,Toxin
pep856,0.874,0,0,0.874,Toxin
pep857,0.847,0,0,0.847,Toxin
pep858,0.817,0,0,0.817,Toxin
pep859,0.814,0,0,0.814,Toxin
pep86,0.725,0,0,0.725,Toxin
pep860,0.808,0,0,0.808,Toxin
pep861,0.804,0,0,0.804,Toxin
pep862,0.797,0,0,0.797,Toxin
pep863,0.791,0,0,0.791,Toxin
pep864,0.776,0,0,0.776,Toxin
pep865,0.625,0,0,0.625,Toxin
pep866,0.632,0,0,0.632,Toxin
pep867,0.566,0,0,0.566,Non-Toxin
pep868,0.493,0,0,0.493,Non-Toxin
pep869,0.454,0,0,0.454,Non-Toxin
pep87,0.703,0,0,0.703,Toxin
pep870,0.451,0,0,0.451,Non-Toxin
pep871,0.475,0,0,0.475,Non-Toxin
pep872,0.451,0,0,0.451,Non-Toxin
pep873,0.492,0,0,0.492,Non-Toxin
pep874,0.491,0,0,0.491,Non-Toxin
pep875,0.544,0,0,0.544,Non-Toxin
pep876,0.569,0,0,0.569,Non-Toxin
pep877,0.593,0,0,0.593,Non-Toxin
pep878,0.579,0,0,0.579,Non-Toxin
pep879,0.568,0,0,0.568,Non-Toxin
pep88,0.622,0,0,0.622,Toxin
pep880,0.549,0,0,0.549,Non-Toxin
pep881,0.56,0,0,0.56,Non-Toxin
pep882,0.551,0,0,0.551,Non-Toxin
pep883,0.53,0,0,0.53,Non-Toxin
pep884,0.542,0,0,0.542,Non-Toxin
pep885,0.551,0,0,0.551,Non-Toxin
pep886,0.552,0,0,0.552,Non-Toxin
pep887,0.638,0,0,0.638,Toxin
pep888,0.647,0,0,0.647,Toxin
pep889,0.644,0,0,0.644,Toxin
pep89,0.589,0,0,0.589,Non-Toxin
pep890,0.667,0,0,0.667,Toxin
pep891,0.694,0,0,0.694,Toxin
pep892,0.65,0,0,0.65,Toxin
pep893,0.641,0,0,0.641,Toxin
pep894,0.649,0,0,0.649,Toxin
pep895,0.644,0,0,0.644,Toxin
pep896,0.653,0,0,0.653,Toxin
pep897,0.668,0,0,0.668,Toxin
pep898,0.699,0,0,0.699,Toxin
pep899,0.712,0,0,0.712,Toxin
pep9,0.598,0,0,0.598,Non-Toxin
pep90,0.599,0,0,0.599,Non-Toxin
pep900,0.674,0,0,0.674,Toxin
pep901,0.672,0,0,0.672,Toxin
pep902,0.681,0,0,0.681,Toxin
pep903,0.614,0,0,0.614,Toxin
pep904,0.649,0,0,0.649,Toxin
pep905,0.661,0,0,0.661,Toxin
pep906,0.653,0,0,0.653,Toxin
pep907,0.652,0,0,0.652,Toxin
pep908,0.657,0,0,0.657,Toxin
pep909,0.636,0,0,0.636,Toxin
pep91,0.633,0,0,0.633,Toxin
pep910,0.647,0,0,0.647,Toxin
pep911,0.622,0,0,0.622,Toxin
pep912,0.592,0,0,0.592,Non-Toxin
pep913,0.818,0,0,0.818,Toxin
pep914,0.575,0,0,0.575,Non-Toxin
pep915,0.577,0,0,0.577,Non-Toxin
pep916,0.57,0,0,0.57,Non-Toxin
pep917,0.561,0,0,0.561,Non-Toxin
pep918,0.564,0,0,0.564,Non-Toxin
pep919,0.593,0,0,0.593,Non-Toxin
pep92,0.57,0,0,0.57,Non-Toxin
pep920,0.602,0,0,0.602,Toxin
pep921,0.588,0,0,0.588,Non-Toxin
pep922,0.59,0,0,0.59,Non-Toxin
pep923,0.591,0,0,0.591,Non-Toxin
pep924,0.702,0,0,0.702,Toxin
pep925,0.691,0,0,0.691,Toxin
pep926,0.661,0,0,0.661,Toxin
pep927,0.645,0,0,0.645,Toxin
pep928,0.729,0,0,0.729,Toxin
pep929,0.721,0,0,0.721,Toxin
pep93,0.603,0,0,0.603,Toxin
pep930,0.698,0,0,0.698,Toxin
pep931,0.867,0,0,0.867,Toxin
pep932,0.854,0,0,0.854,Toxin
pep933,0.852,0,0,0.852,Toxin
pep934,0.82,0,0,0.82,Toxin
pep935,0.805,0,0,0.805,Toxin
pep936,0.787,0,0,0.787,Toxin
pep937,0.763,0,0,0.763,Toxin
pep938,0.742,0,0,0.742,Toxin
pep939,0.75,0,0,0.75,Toxin
pep94,0.611,0,0,0.611,Toxin
pep940,0.745,0,0,0.745,Toxin
pep941,0.827,0,0,0.827,Toxin
pep942,0.777,0,0,0.777,Toxin
pep943,0.759,0,0,0.759,Toxin
pep944,0.784,0,0,0.784,Toxin
pep945,0.816,0,0,0.816,Toxin
pep946,0.82,0,0,0.82,Toxin
pep947,0.821,0,0,0.821,Toxin
pep948,0.597,0,0,0.597,Non-Toxin
pep949,0.568,0,0,0.568,Non-Toxin
pep95,0.612,0,0,0.612,Toxin
pep950,0.555,0,0,0.555,Non-Toxin
pep951,0.511,0,0,0.511,Non-Toxin
pep952,0.492,0,0,0.492,Non-Toxin
pep953,0.512,0,0,0.512,Non-Toxin
pep954,0.5,0,0,0.5,Non-Toxin
pep955,0.506,0,0,0.506,Non-Toxin
pep956,0.633,0,0,0.633,Toxin
pep957,0.628,0,0,0.628,Toxin
pep958,0.583,0,0,0.583,Non-Toxin
pep959,0.545,0,0,0.545,Non-Toxin
pep96,0.573,0,0,0.573,Non-Toxin
pep960,0.563,0,0,0.563,Non-Toxin
pep961,0.575,0,0,0.575,Non-Toxin
pep962,0.603,0,0,0.603,Toxin
pep963,0.601,0,0,0.601,Toxin
pep964,0.605,0,0,0.605,Toxin
pep965,0.608,0,0,0.608,Toxin
pep966,0.615,0,0,0.615,Toxin
pep967,0.647,0,0,0.647,Toxin
pep968,0.658,0,0,0.658,Toxin
pep969,0.661,0,0,0.661,Toxin
pep97,0.93,0,0,0.93,Toxin
pep970,0.657,0,0,0.657,Toxin
pep971,0.664,0,0,0.664,Toxin
pep972,0.667,0,0,0.667,Toxin
pep973,0.66,0,0,0.66,Toxin
pep974,0.655,0,0,0.655,Toxin
pep975,0.65,0,0,0.65,Toxin
pep976,0.927,0,0,0.927,Toxin
pep977,0.916,0,0,0.916,Toxin
pep978,0.939,0,0,0.939,Toxin
pep979,0.95,0,0,0.95,Toxin
pep98,0.927,0,0,0.927,Toxin
pep980,0.921,0,0,0.921,Toxin
pep981,0.919,0,0,0.919,Toxin
pep982,0.87,0,0,0.87,Toxin
pep983,0.828,0,0,0.828,Toxin
pep984,0.797,0,0,0.797,Toxin
pep985,0.797,0,0,0.797,Toxin
pep986,0.796,0,0,0.796,Toxin
pep987,0.788,0,0,0.788,Toxin
pep988,0.783,0,0,0.783,Toxin
pep989,0.952,0,0,0.952,Toxin
pep99,0.939,0,0,0.939,Toxin
pep990,0.955,0,0,0.955,Toxin
pep991,0.941,0,0,0.941,Toxin
pep992,0.937,0,0,0.937,Toxin
pep993,0.659,0,0,0.659,Toxin
pep994,0.882,0,0,0.882,Toxin
pep995,0.874,0,0,0.874,Toxin
pep996,0.89,0,0,0.89,Toxin
pep997,0.901,0,0,0.901,Toxin
pep998,0.882,0,0,0.882,Toxin
pep999,0.846,0,0,0.846,Toxin
